tracking_id,num_points,bbox_area,point_density,avg_segment_distance,num_stops,cluster,pca1,pca2,predicted_label
59,72,0.0018134390676605,39681.68525649823,104.0938263415007,72,1,-1.2410924088655484,-0.515201489200941,TOWN
65,154,0.0062071454405824,24806.11987491575,103.03963168769458,154,1,-0.030021596244696448,0.03834480265706958,TOWN
78,237,0.0462571699801087,5123.419281435282,153.7827227560113,237,0,1.0114103936015109,2.1808489220156724,SUBURBAN
87,14,0.0020024027640971,6988.110554149822,508.6022378300535,14,1,-2.481341058478556,0.01836157298818851,TOWN
172,253,0.0008309761030661,304095.27276996075,50.29053552445189,253,0,1.6618019672256075,-0.03957313544319414,SUBURBAN
323,357,0.0633181899453626,5638.101187144861,131.5398635788331,357,0,2.7714539262035935,3.379136395364589,SUBURBAN
438,171,0.0007832591653728,218040.16777885027,79.50718942229888,171,1,0.360709792215333,-0.2897424148947316,TOWN
712,158,0.0028163037018443,56081.9906979029,120.70706172056876,158,1,0.04308342023724315,-0.07350375556735451,TOWN
732,87,0.0026179710862528,33219.1525353858,113.99488240191094,87,1,-1.0301192280750573,-0.39237687514181696,TOWN
750,97,0.0011849417608805,81791.53749335532,111.54181328551384,97,1,-0.8484337572478287,-0.44593530571098644,TOWN
764,63,0.0025688032256058,24515.49572833442,158.8839797019868,63,1,-1.4343129201274858,-0.4102073587426379,TOWN
811,123,0.0403281097629525,3049.9061527262224,278.2332010038925,123,1,-0.7905903499826024,1.6653506892538732,TOWN
932,221,0.0241840088479848,9137.892046643366,158.88891924791977,221,0,0.8531856839747572,1.1982967760598944,SUBURBAN
1108,175,0.0114680638015828,15258.438092902432,143.77608752929723,175,1,0.22586193986738878,0.4331787376430089,TOWN
1128,152,0.0024635484723345,61674.58327813559,77.3420449916072,152,1,-0.005572070351767071,-0.19997969841777702,TOWN
1231,20,0.0082522646737363,2423.2834872779868,637.9023288673147,20,1,-2.5294174206321234,0.5509048467514271,TOWN
1242,146,0.0009457613492693,154209.9285238751,71.52567825145984,146,1,-0.04020315161419462,-0.3644207622981075,TOWN
1245,137,0.0070453157303535,19442.78474633804,129.32783405774947,137,1,-0.3145280426877081,0.05115291981194455,TOWN
1307,181,0.0390175957177162,4638.813793029909,202.51161440568296,181,1,0.15391049029680207,1.7238766528170029,TOWN
1326,71,0.0010318159457855,68744.0974257961,108.78704753231727,71,1,-1.2431328374005328,-0.5633880380834847,TOWN
1377,29,0.0033553645714994,8640.300951289131,278.13507552241583,29,1,-2.0601859745857425,-0.29288678508714533,TOWN
1432,214,0.0018912003603444,113095.8457068701,75.41973319267184,214,0,0.9564383307995279,0.011130275030042712,SUBURBAN
1458,230,0.0006744779563545,340499.6385689188,42.31129398217831,230,0,1.3407381220867705,-0.1878307278553387,SUBURBAN
1632,119,0.0190308288972274,6252.683367563058,184.5432869033132,119,1,-0.6859268954555813,0.5831909900674287,TOWN
1657,148,0.0148184421616445,9986.88063866883,138.76538490723746,148,1,-0.19167693146092069,0.44751811424238397,TOWN
1677,71,0.000442122466984,160226.58585386336,79.48983245967308,71,1,-1.1711823148581861,-0.7060455434798083,TOWN
1689,123,0.0310353640301702,3963.093095584018,252.47917358789772,123,1,-0.7319973566587555,1.229614300458852,TOWN
1735,303,0.0547276037860269,5536.410195747779,132.50882324294247,303,0,1.9908543274985058,2.7848406723942247,SUBURBAN
1756,112,0.0013629850306509,82112.33809989048,79.82237817003461,112,1,-0.5956823612550614,-0.43200778005135987,TOWN
1780,147,0.0092213210924602,15939.588149905188,141.79116053897917,147,1,-0.18489288537625312,0.21172803388467573,TOWN
1916,126,0.0147682295705683,8531.250692391495,178.98624852590575,126,1,-0.5582068017376038,0.42471847020580983,TOWN
1953,244,0.0145210821591473,16801.998317183887,129.42821998962702,244,0,1.26589159153702,0.837187130890417,SUBURBAN
1998,64,0.0040607253344491,15756.850778951142,332.86324592822206,64,1,-1.5800693913735526,-0.011001427811069067,TOWN
2040,110,0.0126312169141796,8707.893535023533,190.872366518487,110,1,-0.8010246136699936,0.2872606371873973,TOWN
2064,187,0.0061241375677012,30529.92654174484,92.72419155846728,187,1,0.47873989161778807,0.15741919233690846,TOWN
2068,128,0.0004024769769636,317242.3888055863,48.96811610397077,128,1,-0.2105846801732121,-0.6214030778525187,TOWN
2089,99,0.0059046755233831,16763.535281953147,194.29926991821435,99,1,-0.9397401380345518,-0.040427571762315075,TOWN
2093,150,0.0370496668059114,4048.510133050218,270.47572231863825,150,1,-0.3643286616835918,1.6329801207387058,TOWN
2149,151,0.0385036597560137,3921.6032801436886,271.8343953869309,151,1,-0.3561209521155722,1.700551522484763,TOWN
2167,143,0.0031072084152683,46007.21087348777,70.59964899481061,143,1,-0.14526368655235902,-0.2148184077313445,TOWN
2190,165,0.0160403633112906,10285.908797032587,179.65840405624206,165,1,0.024198631750197055,0.6500771517812625,TOWN
2262,136,0.0193814740435827,7016.648116963573,204.8478117114019,136,1,-0.44861974491307405,0.7105122460261684,TOWN
2272,110,0.0073843144552889,14894.423340528818,157.8865362373026,110,1,-0.7492077212055931,0.0026913690480484132,TOWN
2304,205,0.0162691251992115,12599.780117852742,104.2212020972582,205,0,0.6919266167984726,0.6931477251753702,SUBURBAN
2305,115,0.0058870376996795,19531.12494613597,187.42720051265024,115,1,-0.6915371266497308,0.014739433190412573,TOWN
2310,152,0.0109257376129222,13910.830971198646,155.65808909041343,152,1,-0.1292046651505524,0.33219663802143345,TOWN
2321,110,0.0073017766544497,15062.763823260842,208.52434741902795,110,1,-0.7927045343400414,0.0942144458310926,TOWN
2345,199,0.0102149198434753,19479.40107684932,101.47710690981536,199,0,0.6306612711722613,0.4047640483788599,SUBURBAN
2352,141,0.0189424721707494,7443.197251753946,188.4319486651088,141,1,-0.35722844278089755,0.6832236744062152,TOWN
2353,256,0.0049386482491565,51825.55256717141,77.12047636185643,256,0,1.545759140927204,0.36904252228211354,SUBURBAN
2387,206,0.0378942956023839,5436.030956492676,177.2143435175481,206,0,0.5568661366207988,1.7395686274558473,SUBURBAN
2446,173,0.0066626390091847,25961.79051139281,99.82122659575954,173,1,0.2575670821060329,0.13443345270714813,TOWN
2464,121,0.0020147159320514,60028.299660683726,91.28808667019918,121,1,-0.4833520479517305,-0.3283457768439091,TOWN
2540,122,0.0077888825585684,15661.3400886007,167.14106712212995,122,1,-0.5777900395660912,0.0894102698786337,TOWN
2581,90,0.0174684564378199,5151.848903847821,328.6992356092844,90,1,-1.2419204562125925,0.661417434876305,TOWN
2680,149,0.0353998734889178,4208.935693257517,255.39310547618817,149,1,-0.35986839323112824,1.5314694315102078,TOWN
2731,291,0.0202933003859946,14339.001318854143,116.10178405317484,291,0,1.961460852992393,1.2618167090447414,SUBURBAN
2756,258,0.0336318489502109,7671.071825700395,184.61855642462825,258,0,1.350686310718337,1.804347548413004,SUBURBAN
2821,150,0.0063340411334737,23677.82573777072,111.66079402258012,150,1,-0.09873993117920363,0.04291272379728534,TOWN
2864,51,0.0031950387027897,15957.253570015502,233.9512761207309,51,1,-1.6865720241627646,-0.2903334377411485,TOWN
3104,231,0.0477084324548475,4841.809850046309,179.26962430407667,231,0,0.8932709464049127,2.2627781639073787,SUBURBAN
3263,163,0.0121585469895863,13405.104658882114,165.77110550301907,163,1,0.022607385691279583,0.4514561026990806,TOWN
3580,80,0.0011244391839146,71083.36118326141,79.88237978449166,80,1,-1.081829507309292,-0.5756404948385828,TOWN
3583,112,0.0267561045292856,4185.804180621113,241.2645665199508,112,1,-0.8712467340960549,0.9816923981791418,TOWN
3620,128,0.0178089808015595,7186.981357598751,212.18622450672743,128,1,-0.5692555693946185,0.6233712841212289,TOWN
3808,132,0.0183088176255174,7209.247120847261,216.81161931119556,132,1,-0.5149718418854248,0.6705210544572979,TOWN
3813,99,0.0041257218745579,23989.98600083887,154.27516953497673,99,1,-0.8946883063729281,-0.19459719061252048,TOWN
3837,117,0.0388442092474524,3011.954428014137,319.9754767793529,117,1,-0.9113874998629939,1.6554741312236207,TOWN
3920,249,0.0354449830214086,7024.773437644807,143.91619737130472,249,0,1.2431956953197623,1.7640576167073287,SUBURBAN
3924,164,0.0004871704473055,335948.2346897549,40.63375493369935,164,1,0.34725379239382675,-0.4873265461921269,TOWN
3984,65,0.000195817007171,330256.0125991089,77.39260937255781,65,1,-1.176429856627608,-0.8640451346320442,TOWN
4177,679,0.0402679333820971,16861.633596232055,124.95774757738954,679,0,7.718325102043663,3.822809007497403,SUBURBAN
4423,126,0.0200454449690369,6285.403730916638,225.6332575869611,126,1,-0.6200756437143427,0.733480226764767,TOWN
4580,198,0.0319612246200268,6194.812856547467,181.60241317399883,198,0,0.45588367680337694,1.4650006264785038,SUBURBAN
4847,230,0.0456513017354541,5038.081131873781,161.96802685240195,230,0,0.9012425108242781,2.140123663257897,SUBURBAN
4862,32,0.0192729739011661,1660.2699663334024,938.7110341534096,32,1,-2.6524079090597765,1.6279130349795707,TOWN
5054,91,0.0013315865279074,68288.2485258919,86.22195153081735,91,1,-0.9239003444963803,-0.5045732455752288,TOWN
5077,428,0.0035692099761955,119880.90416353654,42.61291625967527,428,0,4.2029038505831835,0.960474429318112,SUBURBAN
5096,92,0.01626844122785,5654.773185603598,244.5378880222253,92,1,-1.1339888236907667,0.4619505080887505,TOWN
5113,170,0.0104621418142634,16247.50987970502,125.39493336046148,170,1,0.17089088968462718,0.3340221901757595,TOWN
5139,15,0.0083238243860286,1801.839811200592,998.8393265598496,15,1,-2.918142181123895,1.2098862937904535,TOWN
5144,133,0.0089606788455808,14840.96923040086,179.4618853190371,133,1,-0.4278089485722864,0.21049273039128405,TOWN
5513,13,0.0649487552134928,200.15471894033152,2741.329912685084,13,2,-4.677839690924988,6.830399214649461,RURAL
5646,113,0.0126800182423803,8910.956347523452,190.4207066219451,113,1,-0.7555657682817986,0.3015622533616077,TOWN
5651,83,0.0073354573626855,11313.362280567648,245.0841794209637,83,1,-1.2327563807443447,0.04751719920132372,TOWN
5740,179,0.037631605200408,4756.513641475424,201.28862459506584,179,1,0.13026615172258865,1.6549769758260042,TOWN
5926,70,0.0078429360497001,8924.09111401108,286.85944094404664,70,1,-1.4677641484606578,0.09126643343438726,TOWN
6075,108,0.0015894404684691,67905.71677539975,79.96064450262936,108,1,-0.6637612283106828,-0.43020124991765507,TOWN
6168,168,0.0055724045426083,30143.155537275183,78.66442684696294,168,1,0.20687236700024475,0.02435436781200962,TOWN
6459,268,0.0012176102602842,219922.6518390598,54.1344279777118,268,0,1.842023068915942,0.108094376898338,SUBURBAN
6599,116,0.0043597226340409,26601.09567494032,119.02270793784862,116,1,-0.6078766037960265,-0.17771502165849776,TOWN
6624,261,0.0036003897990373,72472.02179274359,65.6691223096524,261,0,1.6461007093799243,0.29970048929581816,SUBURBAN
6665,171,0.0010510495072239,162539.8793743325,58.341874846617245,171,1,0.3511612599228677,-0.2800494347877156,TOWN
6708,143,0.0031692061903806,45107.47611114544,117.02971379966615,143,1,-0.18618711800936594,-0.12444333436312593,TOWN
6762,103,8.22880633808232e-05,1236671.8088887082,52.54266312449247,103,3,-0.14372799763325123,-1.3727690760317965,URBAN
6777,22,0.0011278156414313,19489.45354097304,355.71797114544523,22,1,-2.218968137954516,-0.27835094049093834,TOWN
6779,14,0.0305815964637059,457.7766971687496,1961.892559682993,14,1,-3.854497444412495,3.940901551813817,TOWN
6836,134,0.0001971058851291,676405.9528703829,60.950301871314174,134,1,0.04398002708956859,-0.8287028193169808,TOWN
6902,180,0.0001023373623935,1741867.5668776152,31.74501556986113,180,3,1.2777870076919653,-1.4191836387936303,URBAN
6909,179,0.0001682326292981,1057715.6470496743,50.305516390941946,179,3,0.9152415068141142,-0.9140547432559124,URBAN
6931,195,0.0009207545600471,211553.0624443365,52.91487240627148,195,1,0.7413492255593602,-0.22340373057011795,TOWN
6975,112,0.0001653820262044,673149.6337372053,52.23298487797402,112,1,-0.28106957346461575,-0.9413739977242678,TOWN
7032,162,0.0003980772458585,405936.4488483255,56.85030665492853,162,1,0.3373111540235343,-0.5177073687730425,TOWN
7033,148,0.0060161818084902,24596.232041912343,104.3240165031901,148,1,-0.12081471004450926,0.006436094644979047,TOWN
7147,160,0.020767186208312,7704.091170752469,253.4247745470476,160,1,-0.13448190282746744,0.964983859431501,TOWN
7175,139,0.0021396466731076,64933.64913800037,64.56920065169794,139,1,-0.18735450632777229,-0.2971439818716626,TOWN
7178,75,0.003688157949858,20329.842478792656,150.5760161044296,75,1,-1.2528236506041115,-0.32329766330267623,TOWN
7182,109,0.0117940726264132,9241.146998612929,241.7855000524298,109,1,-0.8567266850176745,0.3432235899639836,TOWN
7227,108,0.0001925275208952,558060.1637452056,60.9008132334976,108,1,-0.40460433821653463,-0.8622545262370566,TOWN
7261,156,0.0032453228136654,48054.37073088195,77.25099461354839,156,1,0.045109923335208045,-0.1405401631195897,TOWN
7267,139,0.0006112558104923,227029.2868077955,56.220818393249935,139,1,-0.09576623232885258,-0.48824873477342245,TOWN
7272,103,0.0001442152089805,709292.0963520212,58.39214844052933,103,1,-0.40430466632764495,-0.9953995031709904,TOWN
7275,86,0.005590347855585,15380.906754727504,134.88940171473985,86,1,-1.0833778741410345,-0.22155404904592713,TOWN
7297,145,0.0005505877370902,262877.4902881242,61.04928192590252,145,1,0.007947904359201197,-0.4799203966177069,TOWN
7312,164,0.0023273887721731,70434.97287050427,79.82824805737067,164,1,0.17766658109876132,-0.1539872324675776,TOWN
7331,155,0.0210259181076862,7371.503479786725,229.26360151336576,155,1,-0.18995765260674383,0.9085201496206509,TOWN
7334,136,0.0002441279521793,554812.287994259,58.882012222956014,136,1,0.016841583681481594,-0.737909369678348,TOWN
7350,153,0.0002573154872172,592298.9815601321,35.97027508516286,153,1,0.3106875419850007,-0.7311057157196434,TOWN
7381,109,0.0029548027370095,36876.615152700215,100.06454853103072,109,1,-0.6864191065197446,-0.30980600765032623,TOWN
8068,24,0.0007471967192418,32077.12541739069,354.50416544193047,24,1,-2.180250978255992,-0.29631520563746666,TOWN
8075,142,0.0171687484348451,8270.359961233782,157.81515796959937,142,1,-0.30839675970997893,0.5557683436790014,TOWN
8159,20,0.0094142653508453,2124.2099138718745,676.1479021341848,20,1,-2.5671959574753487,0.6712796067292924,TOWN
8223,119,0.0042598890257518,27928.443871875115,128.22885399647456,119,1,-0.5696726323508048,-0.15224210426415416,TOWN
8447,119,0.0085295081721698,13949.930953495636,156.1901110243413,119,1,-0.6171377724552164,0.08759530256620951,TOWN
8680,124,0.0085184048569796,14555.007313499302,150.67866161539928,124,1,-0.5367624291026092,0.09846560280145313,TOWN
8839,126,0.0053238514276674,23662.63203989423,121.55189696209013,126,1,-0.46468442873066357,-0.08661795654894791,TOWN
8853,35,0.0007454346937059,46889.56756046506,159.00488030269034,35,1,-1.8380254198037151,-0.6250487251600501,TOWN
9062,145,0.0370812391558113,3910.2277343809305,224.38683732084556,145,1,-0.39982609545705494,1.5257582044831701,TOWN
9204,315,0.0317428647126166,9923.177371493874,124.87225058165092,315,0,2.268837375082692,1.863915428000163,SUBURBAN
9332,99,0.0023921412151077,41368.2232268692,113.22488723181456,99,1,-0.844008068171147,-0.35580828374198975,TOWN
9423,102,0.003600979468224,28317.762746796107,109.9991722623181,102,1,-0.8070317572639429,-0.2892929273198325,TOWN
9627,82,0.0042489408850491,19294.3860203957,160.6093100307694,82,1,-1.158817642311972,-0.2494695473179095,TOWN
9633,156,0.0165665768671967,9415.981664094465,150.28586587446003,156,1,-0.08826037342985445,0.5776536352574061,TOWN
9703,111,0.0173530867526512,6396.187917122287,230.14363431412303,111,1,-0.8393381447412669,0.5635263774750706,TOWN
9766,56,0.002744635572264,20396.006143605875,167.53366073123175,56,1,-1.549849629817741,-0.41474440962594006,TOWN
9772,55,0.0052696049526814,10435.234758396886,274.8829383351264,55,1,-1.6725156973778017,-0.10565440009375211,TOWN
9858,201,0.0172773266366306,11633.070969608449,114.60964802664712,201,0,0.6183568612726957,0.7376011462686435,SUBURBAN
9893,114,0.0188852658696305,6036.132329541855,207.2647690373289,114,1,-0.780429092501179,0.597844872847879,TOWN
9942,173,0.0088897099355633,19458.51357808793,95.3348030048134,173,1,0.24972262154160257,0.223184147822261,TOWN
9962,224,0.0204448077529174,10955.791167900254,127.87900035218816,224,0,0.9405198207579891,0.9964583040878094,SUBURBAN
9977,150,0.0045395473915786,33035.66443953547,98.2022738505862,150,1,-0.07562549026478758,-0.06349613998440244,TOWN
9999,126,0.0035728007359129,35256.58236449297,93.94587310437755,126,1,-0.4283910533893913,-0.2193237937938749,TOWN
10103,202,0.0080164358851044,25195.0876682774,108.45177918415789,202,0,0.6810144786571528,0.33567685410921555,SUBURBAN
10132,104,0.0137713984376022,7551.335409818853,222.51173407596443,104,1,-0.923721677265113,0.3683981393502943,TOWN
10134,92,0.0024212635249454,37981.00373990968,121.33823015060028,92,1,-0.9581598024530849,-0.3679633668405337,TOWN
10167,214,0.0063025526468982,33949.10965093659,80.1027304628787,214,0,0.8970627263956656,0.2581165545168446,SUBURBAN
10298,190,0.0158099860669219,12016.960814196023,110.095025988115,190,1,0.46253691561537563,0.6191760265376592,TOWN
10407,206,0.0183533795158123,11223.479378451915,150.0424172695806,206,0,0.6585564609936083,0.8712917266352226,SUBURBAN
10820,135,0.021557257268954,6262.10172351978,205.99335747784397,135,1,-0.4734185114573096,0.7993173602325632,TOWN
10838,149,0.0001472304038338,1005191.8914487096,38.85865552851379,149,3,0.4482507520444567,-1.0327740991897891,URBAN
10862,109,0.0067634495457328,16113.65407681384,180.1589748982419,109,1,-0.7805837494894328,0.01340843681489954,TOWN
11040,48,0.0002012905064777,237282.5143194481,128.00631280129016,48,1,-1.5212190463460957,-0.7797834670980003,TOWN
11296,92,0.0110567324847011,8319.969770229676,236.2791757686188,92,1,-1.105447282573702,0.22770118724434962,TOWN
11398,190,0.0017927746318344,105921.89042482646,69.35907042158145,190,1,0.5973418742577713,-0.10546553332120391,TOWN
11723,96,0.0010734655405266,89346.74624646007,69.28658253389652,96,1,-0.8227695668918856,-0.5395419966974624,TOWN
11821,118,0.0001717019969053,683257.8783942412,45.23849631014399,118,1,-0.17982359638594586,-0.9346991717707404,TOWN
11831,224,0.018176526260671,12322.908892429808,105.81418001271956,224,0,0.9690536334315147,0.8596847029976752,SUBURBAN
12026,161,0.0025211867051943,63833.497999346415,79.537263262376,161,1,0.12881922282873,-0.1551726119420577,TOWN
12097,106,0.0125690880778908,8432.717363885466,184.13117189920212,106,1,-0.8552840885855711,0.2545296970927686,TOWN
12256,153,0.0002261056212013,673695.3457632315,40.66698109704295,153,1,0.34613463597709104,-0.7797371720992463,TOWN
12281,104,0.0114537965756807,9079.166034322972,213.87946410632563,104,1,-0.9065642347221032,0.2546811198563074,TOWN
12290,45,0.0033132225647887,13577.84491545406,339.3666119626851,45,1,-1.869875275668435,-0.11236955656043628,TOWN
12760,115,0.0024653897281017,46626.856530296864,90.26695675664202,115,1,-0.581005324378196,-0.32877892217680094,TOWN
12871,172,0.0068870664016315,24970.72327282732,120.52625215219788,172,1,0.22322116713647192,0.17891240147854873,TOWN
13202,177,0.0114236837566489,15492.770195673009,103.33693993563791,177,1,0.29130679600612247,0.36408318387850264,TOWN
13505,122,0.0052826109643031,23090.269292014444,154.00655280354832,122,1,-0.5531460613992528,-0.044682908078661335,TOWN
13842,257,0.0102812692705415,24994.48256391205,80.92570048303045,257,0,1.523928908954731,0.621468891074355,SUBURBAN
13856,118,0.0225813016897825,5225.330952574667,207.76795062180295,118,1,-0.7352972002490985,0.7708514808203744,TOWN
14340,134,0.0120309113576976,11137.050134122754,157.3458715012093,134,1,-0.40721402326383954,0.30372298165465145,TOWN
14377,127,0.0002917574510068,433806.2090759427,46.25030053523496,127,1,-0.16643393225291725,-0.7159442618217822,TOWN
15189,107,0.000250261367087,425851.38033940416,55.32190671291543,107,1,-0.4790360153063802,-0.7835424586588012,TOWN
15400,107,0.0029494332718962,36265.86000748035,98.96316835887112,107,1,-0.7158440508199824,-0.32051513757087624,TOWN
15562,102,0.0026144182869731,38999.49790365825,100.53487503817654,102,1,-0.7898537459649198,-0.35549064425162497,TOWN
16238,96,0.0115486159527418,8311.964691536778,228.1444010579813,96,1,-1.0400861126649399,0.2505831507887635,TOWN
16375,1168,0.0035551080992469,328448.9580750802,64.98359603384256,1168,0,15.423286203432848,4.128478416674202,SUBURBAN
16706,184,0.0051668816729448,35604.530375238195,83.6076058276607,184,1,0.4476323227446554,0.08370335390183505,TOWN
16711,1028,0.0011364551575644,903771.892160725,37.19631976870843,1028,0,13.627837344632052,2.960025283784358,SUBURBAN
16900,164,0.0018081275593954,90651.42982775804,64.9702937790934,164,1,0.20233374349458588,-0.21744077140264417,TOWN
17410,96,0.0028070919194091,34186.91508510085,108.72049981170528,96,1,-0.8903361939885539,-0.3553003864623523,TOWN
17494,204,0.0055243210077213,36920.93178204876,71.67188110370527,204,0,0.7582860076871001,0.16365270049835878,SUBURBAN
17615,339,0.0126961530118268,26698.898539242327,58.84235079418576,339,0,2.768883288646712,1.0417384926970765,SUBURBAN
17856,100,0.0050205624131817,19914.120700262138,148.30203859532674,100,1,-0.8798806197419055,-0.1613385674196355,TOWN
18105,144,0.0067729138695861,21258.02051403976,98.54903842922596,144,1,-0.1805512550156444,0.011712230963936976,TOWN
18448,142,0.0234116680373292,6065.092614545037,207.854547654689,142,1,-0.37690971765487535,0.9110628105597578,TOWN
18616,218,0.0007650563235676,284574.3756604627,48.50557774352068,218,0,1.1273211512333128,-0.18688590756443227,SUBURBAN
18836,60,0.0030248620784956,19829.059766606784,174.45789023876665,60,1,-1.4969972482050637,-0.37201193296003077,TOWN
18845,43,0.0006668780915099,64383.007238323466,127.31649124073569,43,1,-1.6813663497472855,-0.6645255740199426,TOWN
19054,101,0.0139181482783904,7256.191110256581,217.6175437848524,101,1,-0.965344817421395,0.35226160980371757,TOWN
19297,205,0.0024940585180624,82162.40160940075,85.39062510113635,205,0,0.7950265103344987,0.03650445518672861,SUBURBAN
19387,208,0.0101113430347841,20568.922482606507,119.34835862152738,208,0,0.7515673525908508,0.4730316037079808,SUBURBAN
19466,103,0.0049422402534772,20836.53529232108,125.17705327710765,103,1,-0.8139286297843159,-0.19539389977592636,TOWN
19752,101,0.0002547120784171,394975.4764233236,56.08469155670267,101,1,-0.5849735799621334,-0.7871428309651141,TOWN
19961,124,0.005658325675069,21910.73762484718,114.49274846871624,124,1,-0.49080726665457014,-0.09358193929704163,TOWN
20046,182,0.0123144577135198,14778.175869192552,132.4445432971996,182,1,0.3375561643566778,0.4783973663039461,TOWN
20104,95,0.0045269687289673,20980.710266889557,140.88525247211834,95,1,-0.9462939879152973,-0.21864013659646583,TOWN
20197,82,0.0067518387016592,12143.041411584634,227.18786218079944,82,1,-1.229643389722083,-0.015365155367512913,TOWN
20397,124,0.0168075372683815,7377.203502011803,205.54366491087632,124,1,-0.6197540208932656,0.5514113941433878,TOWN
20481,310,0.0098355186337641,31515.21504121548,100.28742989186436,310,0,2.30979604895349,0.8690076330014017,SUBURBAN
20522,225,0.0106902268711172,21045.292809924864,97.5644439175932,225,0,1.0243406753795323,0.5310276909336777,SUBURBAN
20605,108,0.0145031971069695,7446.120540385091,207.8540626083999,108,1,-0.8536779686944475,0.3890851545572768,TOWN
20884,107,9.49139885924409e-05,1115582.8421927686,52.79778170639101,107,3,-0.14239886819766703,-1.2705539260223064,URBAN
20892,161,0.0277323393649233,5805.287198974307,177.06863812608862,161,1,-0.08100977077391718,1.117232735376653,TOWN
20920,154,0.0068938367914905,22335.55407577774,163.2935494275907,154,1,-0.08609719412906228,0.1817572443511716,TOWN
20939,150,0.0043104395179742,34791.164151707184,140.9602170370471,150,1,-0.11095817654748445,0.006037246461614276,TOWN
20944,90,0.0008651029804617,103913.74008668152,68.74413441361449,90,1,-0.9047595319467524,-0.5857985112064656,TOWN
21002,205,0.0001167534552329,1740925.5600561032,26.18995519084224,205,3,1.658400709554031,-1.3178748478309132,URBAN
21105,87,0.0004155895227771,208838.66550467352,84.65810684846286,87,1,-0.9111923755752112,-0.6602680977084068,TOWN
21121,174,0.0067835537386386,25646.491531057327,134.15148996182035,174,1,0.24224076345695764,0.20855914240430237,TOWN
21178,190,0.0357398842860047,5316.04082539164,179.947769699387,190,0,0.3219060326567386,1.5844068043364923,SUBURBAN
21198,233,6.489305627091701e-05,3536032.674551149,21.91254191037521,233,3,2.952659720519747,-2.4426602598250824,URBAN
21331,172,0.0254185512267981,6766.44518486509,175.31441107682232,172,1,0.0954725740633568,1.0655942008874348,TOWN
21358,191,0.0101365679535518,18840.81082120683,148.48316422674523,191,1,0.4694868999661847,0.454842827959033,TOWN
21505,73,0.0001126506702316,642319.1332808925,74.25834447339864,73,1,-0.9019254608783805,-1.0533094996899641,TOWN
21527,19,0.0063455113785955,2993.7707295507407,700.0363789455157,19,1,-2.590704993371917,0.583394018354841,TOWN
21529,164,0.0314939301569505,5207.187289596429,186.3874366346112,164,1,-0.058722052500862966,1.3049530154750626,TOWN
21609,212,0.0009026632128679,234600.67531927337,26.695457691715983,212,0,1.031194167034216,-0.21415143828311445,SUBURBAN
21642,119,0.0076372214560048,15579.543050096723,134.9068042075537,119,1,-0.5944591339396649,0.009375101958170947,TOWN
21701,167,0.020083983840126,8314.66937336364,164.61872842646673,167,1,0.050797713309535156,0.8003289349629206,TOWN
21785,31,0.0204510622847603,1515.7395654471138,633.3402265322887,31,1,-2.4073546655916185,1.0992789840034993,TOWN
21790,137,0.0240407350240783,5698.424005704727,187.81079727510928,137,1,-0.43739896334379624,0.8777660989084196,TOWN
21846,18,0.1415301955028125,127.1804419940924,6826.399106671769,18,2,-8.439082776172556,17.709635254548488,RURAL
21847,26,0.135613610387123,191.7197559007903,4681.579246925027,26,2,-6.436538636788506,13.47172941082346,RURAL
21915,164,0.0129573170771537,12655.964429913583,121.85901864401534,164,1,0.07228389169821085,0.40718971109135205,TOWN
21928,122,0.0021148406015511,57660.29818624431,90.59064237273272,122,1,-0.46922724864429854,-0.31943508861324665,TOWN
22051,111,0.0572466184080458,1938.945288672472,422.477364687904,111,1,-1.162022466319797,2.588033007045255,TOWN
22068,172,0.0302833514124769,5679.500863575934,211.98255375539148,172,1,0.04440502340157881,1.3376566135946777,TOWN
22097,111,0.0572466184080458,1938.945288672472,422.477364687904,111,1,-1.162022466319797,2.588033007045255,TOWN
22617,157,0.027427625258427,5723.947099819161,195.588573540153,157,1,-0.1561383687112113,1.1217006732226078,TOWN
23957,79,0.0023556481807586,33522.1865720188,120.69553178803926,79,1,-1.1551889518665999,-0.4262791729507993,TOWN
24031,53,0.0005045885695283,104828.31929812951,101.4906696450522,53,1,-1.4882524132244914,-0.7034742009892919,TOWN
24237,190,0.0065045901625186,29205.65164013349,108.63835540659288,190,1,0.5079938009137895,0.21730476554902634,TOWN
24409,94,0.0036187863890879,25968.38318508714,105.7875044861293,94,1,-0.9250057064371654,-0.330195095948865,TOWN
24434,111,0.0041118067656298,26988.868265733003,100.73006593318657,111,1,-0.6661377063093867,-0.2447433267317107,TOWN
24468,182,0.0084623451190432,21504.49939592859,98.49193364545276,182,1,0.3850951905090588,0.24968994997724986,TOWN
24574,124,0.0008797831992547,140783.79345214297,86.34263204047687,124,1,-0.3904443803506307,-0.42731553087939794,TOWN
25253,124,0.0030624553594701,40477.168899058444,111.35242793518005,124,1,-0.4690906758492448,-0.22032277857503202,TOWN
25489,224,0.0039482462631743,56719.68397836869,101.22109746405492,224,0,1.0493776741282375,0.22827118293943047,SUBURBAN
26042,95,0.0001826109433527,517398.3547238621,55.41921374734204,95,1,-0.6151768155530831,-0.9023630229427108,TOWN
26043,181,0.0041835543160882,43254.30770586814,98.2708165054593,181,1,0.3972576866802714,0.05177341563540756,TOWN
26044,82,0.0003386761475315,241406.41194824348,70.87453477363546,82,1,-0.9584454691961177,-0.7339127087429131,TOWN
26045,98,0.0002608679663515,374234.3951625298,71.17229066103762,98,1,-0.6532727821015146,-0.7575096668994445,TOWN
26337,189,0.018048439975814,10471.239010919848,115.7548202083917,189,1,0.43320031290562816,0.7196108676464934,TOWN
26390,125,0.0057320068284393,21803.56726245636,108.45606789572436,125,1,-0.4708577797194442,-0.09735602650200313,TOWN
26429,158,0.0004587809271828,343641.9187026457,52.67713422344917,158,1,0.2503328096713967,-0.49772095374564346,TOWN
26447,275,0.003664781315641,75018.11382655044,80.12477908159451,275,0,1.8452870850278293,0.38963872446683717,SUBURBAN
26476,153,0.0004651012917687,328254.829372818,52.73208885320327,153,1,0.167551061985083,-0.5088378009270493,TOWN
26504,162,0.0002921005428028,552711.3612647547,63.10993829963434,162,1,0.4033367593096207,-0.6116170626790897,TOWN
26530,193,0.0040220740676513,47973.26540713532,76.80694440972688,193,1,0.5993994306327288,0.054532895736220985,TOWN
26567,158,0.0002053844443547,765561.5736640197,42.494938028519975,158,3,0.4643577937735527,-0.8184430931373401,URBAN
26569,152,0.0004602707098584,329524.4999333667,54.909772075735326,152,1,0.1512440816397458,-0.5102455909168224,TOWN
26747,151,0.0004597149453573,327751.46871537965,55.20636944532111,151,1,0.13507852497086326,-0.5129082862792664,TOWN
26854,100,0.0054227854476486,18437.30747929052,114.7092076118453,100,1,-0.8530254156723486,-0.2066515401199529,TOWN
26857,194,0.0040219772870577,48222.99161969319,76.53486255096092,194,1,0.6148089271181567,0.05826530426499827,TOWN
26942,165,0.0004640438347207,354805.2628180079,51.42552505442251,165,1,0.36216760855802826,-0.4766159591689594,TOWN
26969,130,0.0012854782452131,101051.06750441655,70.03619052457394,130,1,-0.3067902943347767,-0.3871202643746118,TOWN
26991,14,0.0001393256522373,99767.93107164456,486.5261671420785,14,1,-2.410113227674264,-0.1646295436090946,TOWN
26993,160,0.0004616838306473,345808.4968652128,52.861636463870056,160,1,0.28131514256434703,-0.4899092253740312,TOWN
27109,191,0.0038266609166773,49899.926915625925,89.73645817338455,191,1,0.5597723417221292,0.06050747851163158,TOWN
27128,99,0.0003449277603052,286186.9192361282,63.77955358723332,99,1,-0.6747534540889789,-0.7027327791759903,TOWN
27183,117,0.0069913729802503,16732.51703398287,110.64157851580468,117,1,-0.6004811100745084,-0.07269760995529044,TOWN
27195,138,0.0004604928447944,299029.55496845976,57.5952293177381,138,1,-0.07657860422584228,-0.5460312826213652,TOWN
27331,102,0.0004593736197485,221559.1763396852,78.89169724456082,102,1,-0.6744195085493875,-0.611754386817116,TOWN
27399,182,0.0018470624197757,98481.52208088456,78.8317480855518,182,1,0.4649005217093512,-0.11564457331170568,TOWN
27413,105,0.0003371707695304,310494.0150380115,70.83076879681788,105,1,-0.5787563749589081,-0.6800674904454862,TOWN
27418,115,0.0004608920355233,248975.9319397914,72.80841116528451,115,1,-0.46020037248907125,-0.5845718844791555,TOWN
27528,94,0.0009254980430188,101457.31090128628,79.54896574975815,94,1,-0.8553382021749142,-0.5436257224813137,TOWN
27588,165,0.0040204735259625,41029.73672082217,90.29576203293487,165,1,0.1628847760339702,-0.03916548004266621,TOWN
27650,134,0.0015328955433815,87359.27330787414,106.9707147040434,134,1,-0.2861793168514944,-0.2803537555815203,TOWN
27760,135,0.0004656328674156,289306.6678900236,61.91643794957626,135,1,-0.13020768102291927,-0.5442555184739887,TOWN
27880,87,0.0003387081277542,256102.20330944963,74.89356030871396,87,1,-0.8795544385117843,-0.7144055521096877,TOWN
28033,140,0.0010984536642776,127335.97108158752,79.13867862069313,140,1,-0.15071342016502054,-0.35175069696085626,TOWN
28069,183,0.0029209933740617,62628.478772223,116.32063749052492,183,1,0.42596069018316157,0.0285903724300139,TOWN
28182,263,0.0189401922242401,13885.081619277566,134.34645709919266,263,0,1.5291749947828992,1.116322771320195,SUBURBAN
28235,159,0.0015319505575786,103721.54484300474,99.73548809843702,159,1,0.10432586990984574,-0.19477609527141213,TOWN
28283,150,0.0005172314012171,289445.98811976844,69.97830300916027,150,1,0.08845805343286718,-0.46077443789219097,TOWN
28590,132,0.0026090526402074,50573.69263997169,118.56678310659096,132,1,-0.3482905122885868,-0.19725622067014853,TOWN
28901,150,0.006862059133992,21856.14273044293,99.7423188807814,150,1,-0.09132551106333708,0.04376747258852893,TOWN
29100,227,0.0228123234558612,9950.325757629978,119.48382429783562,227,0,0.9833405696175103,1.0931813336491316,SUBURBAN
29273,121,0.0004280474065882,282020.11745548085,76.97473223470779,121,1,-0.35737673501443173,-0.5743944318424306,TOWN
29364,177,0.0010661468807758,165862.82843400078,79.04845797730117,177,1,0.42507583631358864,-0.2163187451329871,TOWN
29374,170,0.0001793774498938,942468.1416664232,56.03921627480732,170,3,0.7189735055089791,-0.8630988724693954,URBAN
29377,258,0.0006152518652565,418659.9904125128,48.44786797438332,258,0,1.7949455966266261,-0.10894497973484644,SUBURBAN
29379,177,0.0010677450897304,165614.7959890389,77.84014779561357,177,1,0.42599707008114934,-0.21834977217788454,TOWN
29384,226,0.0015709777273297,143767.94026458336,70.39542295767868,226,0,1.1575031422443127,0.02024536029690257,SUBURBAN
29430,99,0.0003904012874743,252937.3386552652,81.06951228663361,99,1,-0.7060107111471335,-0.6454406880839564,TOWN
29434,104,0.0004453782068503,232986.2847333504,76.8130580325995,104,1,-0.6369278083668689,-0.6152833943404049,TOWN
29446,98,0.0001174664985426,827238.0901400592,52.83086078062509,98,3,-0.41755325956717493,-1.1104163418887776,URBAN
29450,103,0.000109190131763,934747.9520348866,49.61010042408449,103,3,-0.2874295126330706,-1.1688751390813525,URBAN
29457,139,0.0002703548747417,512244.34472484,51.39135815383365,139,1,0.04778694941680928,-0.7082579249417374,TOWN
29497,157,0.0065891146220372,23823.56134975156,95.21469626567216,157,1,0.01997062520766234,0.05348674483632068,TOWN
29600,224,0.0047125242322689,47522.82771063103,92.23059421009836,224,0,1.0497732853875403,0.24954386330022704,SUBURBAN
29799,103,0.0004985554064385,206183.3355669241,51.8751571400915,103,1,-0.6435406503635551,-0.6458217424286898,TOWN
29803,160,0.0064404336747432,24839.19078874604,95.14850135518104,160,1,0.0662499646036042,0.05973257912823725,TOWN
29963,318,0.0183409577561038,17337.298680353535,106.17683084291978,318,0,2.3854569709148703,1.2791877694020792,SUBURBAN
30017,188,0.382378890228474,491.6576546106256,461.0970765453451,188,2,-1.2906225390127304,16.53344037970376,RURAL
30249,279,0.0186883486661904,14928.289101092048,128.14642368058628,279,0,1.7768636994285378,1.1641937563515863,SUBURBAN
30303,119,0.0037379604922888,31827.027925387672,100.25655391471238,119,1,-0.5415250556168762,-0.22917252946542327,TOWN
30443,121,0.0037646221505515,32132.804397880627,100.72882079824475,121,1,-0.5117844552612948,-0.21854804075623854,TOWN
30495,122,0.0037894270674313,32186.3467703322,100.60113056159504,122,1,-0.49669108794120814,-0.2133728183983225,TOWN
30537,115,0.000710261085883,161684.65038014657,79.62047068396804,115,1,-0.509318454787873,-0.50118622281316,TOWN
30726,146,0.0038178781127446,38231.1233010438,87.64781086184759,146,1,-0.12138873213373975,-0.1346097514502191,TOWN
30749,182,0.0028912797241809,62926.14040004085,92.90698988682972,182,1,0.4314635644733083,-0.021231135362653968,TOWN
30795,106,0.0003456457172848,305787.7097985481,55.183535064001255,106,1,-0.5524505009873926,-0.7014268542957515,TOWN
30807,158,0.0063111278752507,25031.178569671025,94.09183138123916,158,1,0.03765261462216043,0.04339555365512945,TOWN
30972,118,0.002915706703933,40456.58750702716,106.88609276127076,118,1,-0.554977480491849,-0.2613190921369417,TOWN
31006,110,0.0020722062170404,53057.91536600183,143.76600464689332,110,1,-0.6980154608953322,-0.2712305086442845,TOWN
31130,235,0.0244460000879402,9612.631372138225,118.48606299548008,235,0,1.0981629785970572,1.1948889266288047,SUBURBAN
31150,138,0.0001261816729642,1085061.996619841,48.636419219815735,138,3,0.3129390193069466,-1.1190049842650478,URBAN
31183,86,0.0022086024568184,38921.0284115218,194.60679929697093,86,1,-1.1107137438004546,-0.26641544188815613,TOWN
31268,141,0.0007367797171375,191113.95545956164,93.34967105811022,141,1,-0.11571540491140016,-0.379698750694425,TOWN
31286,102,0.0009395337131185,108449.06309821842,79.75224189448564,102,1,-0.7317652071362837,-0.5121267179303627,TOWN
31295,89,0.0011262857454398,78950.70115099418,98.33256858210616,89,1,-0.9585510580567966,-0.5065740130440274,TOWN
31368,225,0.0006604136675431,340180.4514197383,53.67628124136472,225,0,1.2555239164912961,-0.18895546152326456,SUBURBAN
31381,265,0.0055560704170115,47686.99694514726,87.08547924113088,265,0,1.6682087787450521,0.45607943029308506,SUBURBAN
31413,119,0.002861558131843,41571.2081708471,142.92652575777973,119,1,-0.5704192674812586,-0.192254831216168,TOWN
31449,112,0.0028758998146009,38930.796071373166,151.44596727105116,112,1,-0.6845045781467495,-0.20477778092875992,TOWN
31484,124,0.002871413270527,43169.27556084072,135.2408095718546,124,1,-0.48775927607160346,-0.18527953997345672,TOWN
32181,341,0.0201204882072113,16947.05662366411,99.84955610359964,341,0,2.7300974800086153,1.443288789435026,SUBURBAN
32353,252,0.0204980691755513,12293.241114604049,147.71248190942757,252,0,1.3452356407936386,1.1587378823593832,SUBURBAN
32372,117,0.0028599586782869,40895.382686917,142.97292472817503,117,1,-0.6008852194257815,-0.20060717275499,TOWN
32671,72,0.0003971213427884,180849.3850033349,96.17974402672432,72,1,-1.160442416138962,-0.6863894779720826,TOWN
33142,80,0.0032571934455563,24553.48380529904,141.2936299827876,80,1,-1.1658092415663586,-0.33947776906588634,TOWN
33155,208,0.0049091256136989,42361.44171540024,106.77639850969172,208,0,0.7930695183683658,0.2178841557587208,SUBURBAN
33283,101,0.0014761598826418,68374.45369783658,117.39352646331488,101,1,-0.8009138579351377,-0.3958944725898462,TOWN
33497,154,0.0029160191770175,52793.61932664881,208.46779225861775,154,1,-0.09517953782261547,0.08001048032432136,TOWN
33669,115,0.0079077485034434,14540.859397656895,140.29032506904468,115,1,-0.6608812042358655,0.01378017190070817,TOWN
33698,110,0.0027478126268588,40017.27834235868,132.84441628935895,110,1,-0.6974645002654262,-0.2546223002303089,TOWN
33764,146,0.0096187395719962,15177.126044556968,140.1555645789116,146,1,-0.20042860963311565,0.22130362496994577,TOWN
33840,126,0.0006431978744975,195592.07657781467,66.76033235504381,126,1,-0.31592336189312953,-0.5028984393977934,TOWN
33868,151,0.0089544524198578,16861.236364248016,131.94974328247793,151,1,-0.11467714232868094,0.1991860951302643,TOWN
33896,171,0.0003293705413366,517600.6290032875,65.17718758757619,171,1,0.5198779123464496,-0.5421877079715981,TOWN
33909,223,0.0038394997681918,58065.35957818601,93.65347563175492,223,0,1.0419560318888834,0.20418894945373584,SUBURBAN
33918,99,0.0005737276698198,172255.49629624863,110.872105671917,99,1,-0.7716048711487258,-0.5261975594099205,TOWN
33941,77,0.0068666097410284,11212.052359351002,269.4044998726092,77,1,-1.3423948423105319,0.04721921286893839,TOWN
33953,164,0.0024527741284313,66835.81756762638,98.29707928631925,164,1,0.1594309863477664,-0.11161009828206508,TOWN
33965,78,0.0074117871658727,10522.357954521967,271.67596466006825,78,1,-1.3317471317503047,0.07906889796578018,TOWN
33982,118,0.0032321805268396,36496.57017925417,123.00938008127488,118,1,-0.5720911441759228,-0.21514400307294484,TOWN
34001,156,0.0044923687669453,34717.82711171718,148.90871368496695,156,1,-0.028271047904347674,0.055100405097930336,TOWN
34016,94,0.0053078107050057,17706.413964123003,148.7625378944332,94,1,-0.9727701432126636,-0.17351339246024464,TOWN
34066,110,0.0071702594588212,15339.007134191876,129.40185321944702,110,1,-0.7234747299888545,-0.06000504615777914,TOWN
34096,122,0.003696410631382,32996.06458761046,114.81688497132956,122,1,-0.5082638005590975,-0.19111202983758388,TOWN
34098,99,0.0005098135669847,193808.4780801214,90.52148939454898,99,1,-0.7432848187881779,-0.5819347932354221,TOWN
34140,98,0.0056635548631771,17300.565069473552,175.36367142981754,98,1,-0.9371882778668752,-0.09080499896231373,TOWN
34223,74,0.0006346022126893,116425.0194896094,75.85018859359805,74,1,-1.1448133317881872,-0.6613934483607714,TOWN
34242,104,0.0026697214636069,38940.78862853095,135.56546095906117,104,1,-0.7903576224716389,-0.27853819814648406,TOWN
34254,171,0.0087112246675032,19627.593011671644,114.36040556685224,171,1,0.20389502285572136,0.2425213322178434,TOWN
34289,106,0.0050250098403366,21090.288990142435,196.56280759821425,106,1,-0.830850039671694,-0.04483618988110621,TOWN
34308,76,0.0010487239330118,72399.98785389314,87.39963599329509,76,1,-1.147626375076227,-0.5832642218644642,TOWN
34313,175,0.0222267690408483,7873.034836667584,149.9710410436238,175,1,0.1754398261951876,0.897668454027377,TOWN
34362,182,0.0024331969230388,74767.98539897666,66.01840497795554,182,1,0.46227032999609474,-0.09894927681361655,TOWN
34429,19,0.0033757123363973,5626.774835155624,974.8169824249176,19,1,-2.8161809113923626,0.9738889137138991,TOWN
34440,117,0.0030371419047192,38510.38024861783,134.09244316618023,117,1,-0.5950244698293596,-0.2082611777527899,TOWN
34449,62,0.0003180858556039,194305.07153835116,84.3897261810141,62,1,-1.2939282218735764,-0.7652928625795202,TOWN
34457,192,0.0217989734994168,8807.350155959422,140.6561086963946,192,1,0.4415067635970072,0.9368628753369522,TOWN
34459,87,0.0055765034643031,15598.376685341833,177.09247666773274,87,1,-1.1047515107648653,-0.1386229018383376,TOWN
34473,135,0.0014349940775669,94011.52978898837,61.924627033109495,135,1,-0.22848042293775833,-0.36917341730384423,TOWN
34488,148,0.002658952112514,55640.099422735664,76.67776747829168,148,1,-0.06887997028211773,-0.20660980825980998,TOWN
34514,154,0.0236816651566059,6502.646513035875,178.83889349165972,154,1,-0.1719573087972887,0.9205545880353649,TOWN
34532,41,0.0009818180903644,41716.77383837936,150.08920111076992,41,1,-1.743397429262339,-0.6018645261056722,TOWN
34563,68,0.0003695894271568,183491.4733582567,82.84628291021212,68,1,-1.2077085778652212,-0.732070213931274,TOWN
34579,42,0.0010927318465765,38400.63735134233,134.61480515745149,42,1,-1.7169634249858912,-0.6195950065287884,TOWN
35404,109,0.0003197185645671,339861.83539800654,54.607751302147335,109,1,-0.4902013788100592,-0.7138341324831207,TOWN
35407,136,0.0001579233520365,855758.4411428401,45.16550292401572,136,3,0.1747310983942016,-0.974856175671268,URBAN
35433,204,0.0011139894695727,182961.36920304623,63.5004039722115,204,0,0.8530602457291391,-0.13598704889115848,SUBURBAN
35479,165,0.001030130355516,160018.56517687795,101.2179750957214,165,1,0.2225391004937216,-0.22519663179678717,TOWN
35486,111,0.0005981034984843,185276.8349388828,66.64830481110576,111,1,-0.546431105011514,-0.5641629210939005,TOWN
35488,109,0.00019680274478,551054.0317384462,64.51405506065117,109,1,-0.39609182183074704,-0.8460399157209114,TOWN
35514,131,8.417158174687745e-05,1538071.7055287363,42.35824939026755,131,3,0.4324465465111441,-1.4759836838546045,URBAN
35542,240,0.0034374510610999,69798.87040277527,114.43211606411477,240,0,1.2870635626803535,0.29350693604135125,SUBURBAN
35606,193,0.0006223708307236,309607.0436532406,55.616113614313,193,1,0.7575141406597082,-0.3072314401673389,TOWN
35635,179,0.0010865761402967,164586.17780190738,76.14335080748613,179,1,0.45700227369484314,-0.21120315553606886,TOWN
35638,153,0.0010278575780796,148708.62912393466,99.14830554733643,153,1,0.0382390000399572,-0.27440963664619034,TOWN
35651,188,0.001144625891229,164102.436440492,82.54052192509862,188,1,0.5864703028456909,-0.15666660366273696,TOWN
36442,64,0.0010903343191142,58643.80774897945,201.27848453559557,64,1,-1.4337922209658815,-0.4112657972427443,TOWN
36602,86,0.0011541896611418,74446.64966529659,160.22026113578744,86,1,-1.059644593474227,-0.3993678676650138,TOWN
36840,80,0.0035980499010876,22228.088578550654,142.6126572843495,80,1,-1.1693923036667384,-0.32121107389505,TOWN
36863,176,0.01615642870883,10892.822315460127,123.61799091266016,176,1,0.23820107147234787,0.5978861385334404,TOWN
36889,153,0.0016160547921894,94616.45996104158,62.9292279572251,153,1,0.04118648511096554,-0.2806170956446305,TOWN
36937,167,0.011159275983825,14963.78765561341,122.1768380897799,167,1,0.12521443884707784,0.34462085308492113,TOWN
36998,193,0.0133867430775474,14416.171484772509,149.8017263247663,193,1,0.48377687101674965,0.6044780642560305,TOWN
37105,138,0.0033666916691107,40977.62311964893,115.95051796937906,138,1,-0.2632738544037172,-0.13749927470657894,TOWN
37109,66,0.0004677345620852,140804.63729062816,106.92265338258257,66,1,-1.2797245290825028,-0.6621731352682834,TOWN
37345,143,0.000885469468388,161314.07239554872,66.26769788274285,143,1,-0.07713127041687382,-0.394961488284511,TOWN
37715,102,0.0001502368918513,674438.6158124204,58.75797431595771,102,1,-0.4365674956005832,-0.9748381317326814,TOWN
38376,407,0.0008766698533025,463727.90231830894,35.74140835733344,407,0,4.0695727149908105,0.5055015017935144,SUBURBAN
38386,129,0.0001418670124628,902937.6185320466,44.45990197088587,129,3,0.09287404403882019,-1.0403323386213923,URBAN
38404,218,0.0002361121502009,919396.1583800624,39.211843843445486,218,3,1.4446890912580777,-0.6642770849172593,URBAN
38417,174,0.0010493227604723,165663.3622999294,66.98013359032387,174,1,0.39034867541810636,-0.25279871541136345,TOWN
38439,135,0.0007520487310127,179271.2668387809,84.60204557243095,135,1,-0.20423773727190345,-0.4138349642250945,TOWN
38462,91,0.0001774857336848,509844.6700546888,71.94349820391749,91,1,-0.6933472524700653,-0.8840187308663999,TOWN
38466,375,0.0001840602961637,2026366.5830739548,23.59112221758771,375,3,4.3574619095604366,-0.765538898203625,URBAN
38475,172,6.871489697031269e-05,2467191.4823777806,29.570894019443617,172,3,1.5104601492450407,-1.9603815748336817,URBAN
38844,14,0.0086225370524704,1623.4637730221605,1058.2146061560115,14,1,-2.985903272424479,1.3295010739395448,TOWN
38847,274,0.0038943080202699,70341.03556745517,62.44188000221995,274,0,1.8424147875930899,0.3647979533734587,SUBURBAN
39505,353,0.0070462044697407,50090.78444022845,67.0212699783559,353,0,3.005630779169031,0.8676879849304807,SUBURBAN
39544,97,0.012183923755506,7960.657115820551,178.1493507674819,97,1,-0.9843137115367809,0.187818239312225,TOWN
40775,148,0.0122600575838291,12070.736882860296,132.9965270340072,148,1,-0.17580429843078177,0.3287726120061629,TOWN
40794,287,0.0030908784155704,92823.83115541938,77.59003174641747,287,0,2.038944054477584,0.40174599317067006,SUBURBAN
40854,153,0.0001395901918591,1088269.3733945629,37.80075261824711,153,3,0.5496187527073959,-1.0747106035479244,URBAN
40868,149,0.0007977737150663,186535.9327549021,78.08896483708075,149,1,0.01548173879895202,-0.3672982494235189,TOWN
40886,187,0.0013482116787446,138599.45251436313,73.29148004914293,187,1,0.5663065932633158,-0.15238550875288326,TOWN
40898,143,0.0001960570971476,725677.9992695784,66.36204960500041,143,1,0.19861338304364684,-0.8127997634192888,TOWN
40921,144,0.000755518771282,190345.57431532952,80.89329055664419,144,1,-0.06020431516114162,-0.3885174413764963,TOWN
40930,170,0.0001780488273239,949461.6778049,39.78512373110232,170,3,0.7364539194039048,-0.898496262926108,URBAN
40941,103,0.0001391433410494,734961.7843323434,67.53699015682923,103,1,-0.39978764143288337,-0.9961488914202304,TOWN
40947,90,7.124319424359217e-05,1245792.0907613083,57.08631396950433,90,3,-0.3388907482109335,-1.4284436268381258,URBAN
40952,135,0.0001840749976055,729434.0226750906,67.86706341478951,135,1,0.07875383952862126,-0.8484202110353134,TOWN
40953,102,0.0071620708132815,14239.702867501364,143.35558828515838,102,1,-0.8564904650973952,-0.06874527239266255,TOWN
41477,102,0.0071548373370041,14254.097067374503,143.86257731817156,102,1,-0.8568951058208969,-0.06810435999897511,TOWN
42159,172,0.0118204933223962,14549.769247353885,125.78963188972094,172,1,0.19459501919824362,0.4013064010516526,TOWN
42180,173,0.0063099153210496,27412.822260975227,135.1650880907725,173,1,0.2289906492268492,0.1851119339210031,TOWN
42248,323,0.0025912353434441,124602.88407720094,92.85581974806088,323,0,2.5849047780294865,0.5467948415806712,SUBURBAN
42478,304,0.0045224004402754,67206.07737781665,98.93668649438752,304,0,2.258411276415363,0.5942078780435089,SUBURBAN
42925,171,0.0060314257126477,28346.80577026871,95.00320053982006,171,1,0.23522679711658837,0.08863274393877622,TOWN
43084,120,0.0005150339097662,232542.85760862683,77.56487866920324,120,1,-0.3972244943016358,-0.5399541136739433,TOWN
43185,236,0.0083893097211971,28127.68632411439,110.99740137969744,236,0,1.1905709128319755,0.5042166232077782,SUBURBAN
43567,170,0.0015777341603494,107681.20705158814,61.15867303917303,170,1,0.305083386784152,-0.2194164829294823,TOWN
43727,174,0.0013377773960645,129969.32911437922,61.00603648553534,174,1,0.3771384437139292,-0.2273868749378538,TOWN
43894,240,0.0083790889403531,28639.314177718647,120.0223207540282,240,0,1.2432440638279745,0.5380611250276442,SUBURBAN
44276,132,0.0023497764043914,56151.66110796942,76.64516228582187,132,1,-0.3082503715552254,-0.2906042574886864,TOWN
44371,352,0.0018025216841638,195173.6999287598,64.13448252195865,352,0,3.083520760163248,0.5395283963585635,SUBURBAN
44382,401,0.002374491026291,168807.20472604493,49.80160730287844,401,0,3.8185453441299946,0.7711693569385302,SUBURBAN
44872,210,0.0014605845899288,143679.67577588288,69.83578662908906,210,0,0.9175329263504628,-0.056051743663017975,SUBURBAN
44956,196,0.0004115988097414,475037.7252004654,47.312995869863066,196,1,0.8907548949861799,-0.43245558236162485,TOWN
44964,123,0.0018798933706499,65394.45665518845,82.12592581655004,123,1,-0.442187704473765,-0.34602191599898174,TOWN
45011,75,0.0004909762250514,152446.39106729563,71.86442866927004,75,1,-1.1083166957341768,-0.6952839564151747,TOWN
45211,183,0.002010172654154,90991.69065471248,62.25001343147749,183,1,0.4900730279478125,-0.13040257333981534,TOWN
45264,200,0.0083830838872082,23854.723150509348,109.32719552567237,200,0,0.6480885451016253,0.34466544376139074,SUBURBAN
45338,166,0.0008317026409838,199350.87488598007,70.28073537914904,166,1,0.2842130803707562,-0.31425432776291984,TOWN
45368,78,0.0001893530346427,409764.94094984495,85.67170737487655,78,1,-0.9494161621505448,-0.8461644151866293,TOWN
45839,147,0.0005775181939672,254097.45368927147,66.8404558526442,147,1,0.02867885866966603,-0.4530304884861327,TOWN
46192,79,0.0009733494159917,81079.74275285029,75.28762819830104,79,1,-1.0874778106364564,-0.6018709660449434,TOWN
46266,168,0.0083832141228383,20037.656187998924,143.23065522930807,168,1,0.13517408308700163,0.2695333521433687,TOWN
46295,432,0.0014721090742712,293257.30697416083,60.78298217917028,432,0,4.339366300338551,0.8053862735722943,SUBURBAN
46837,177,0.0002149037700182,819809.677177077,42.251684122362114,177,3,0.7767850110898726,-0.7719548578613848,URBAN
47449,117,0.0005785158470468,201892.66712240787,69.62977361526232,117,1,-0.45058326335720694,-0.5443253352419385,TOWN
48100,130,0.000132406364869,974466.2492501858,57.14243876793524,130,3,0.13159071524404925,-1.0618381868161049,URBAN
48657,118,0.0011356821933801,103810.89867265912,73.31058702307686,118,1,-0.48834410348903956,-0.4421452652573166,TOWN
49767,184,0.0078689173301318,23380.16935648248,105.64057920993852,184,1,0.412198678730475,0.245959262346439,TOWN
50695,121,0.0017414362293798,69443.00052982057,85.29477531690924,121,1,-0.4725460724789218,-0.3574666641992507,TOWN
51002,43,0.0016073864109424,26734.869001289124,173.68418439532542,43,1,-1.743409860547924,-0.5123544508101283,TOWN
51016,131,0.0001172821064192,1107521.703541796,47.79155383130284,131,3,0.21921015336407088,-1.1673921920542487,URBAN
51158,98,0.0004358847373075,224315.4581319341,70.14065859203576,98,1,-0.725618357379962,-0.6487419683713835,TOWN
51445,112,0.0018204358532467,61489.9502501597,122.32284186782628,112,1,-0.6442702284705729,-0.3189468699664555,TOWN
51681,190,0.000398950979848,475058.2185651091,43.85051495372653,190,1,0.8035007710319245,-0.46601435176878064,TOWN
51880,178,0.0036887094068038,48242.28153896576,78.86070947720395,178,1,0.37324865658689915,-0.021964160787191888,TOWN
51967,117,0.0013818085272579,84610.41257245385,100.64514872078774,117,1,-0.5373345213376213,-0.37175438520253207,TOWN
52078,259,0.0019124931020547,135354.55117234896,55.6518963417982,259,0,1.6616237697712846,0.15842643418293556,SUBURBAN
52137,139,0.0026541411007523,52351.26674081908,91.89208721862362,139,1,-0.21911367646987404,-0.21575178771915965,TOWN
52154,157,0.0018800010685138,83466.1939474838,86.0211553561452,157,1,0.0749636718783893,-0.20090590588270135,TOWN
52191,135,0.0018524181402812,72838.39359612249,81.68361262597345,135,1,-0.25746660815606764,-0.3000963886286472,TOWN
52215,70,0.0037371898644359,18725.64062782332,187.75401628741884,70,1,-1.3612796660129323,-0.27244508692898495,TOWN
52392,87,0.0020376713287733,42674.85335772528,123.31606235787343,87,1,-1.031385481090645,-0.4055503200677361,TOWN
53099,634,0.0010521786441409,601987.1400992264,16.636827546948577,634,0,7.56927100627935,1.3847974478170948,SUBURBAN
53164,89,0.0008514178428074,104408.88908059087,66.1811040067933,89,1,-0.9172976756505151,-0.5959413792103211,TOWN
53671,184,0.0009822430041196,187135.83440621436,38.53748990938092,184,1,0.5761805990513863,-0.2796097147521422,TOWN
53827,125,0.0015183176933149,82273.77364853054,82.96433213424811,125,1,-0.4032456840599576,-0.362301087776682,TOWN
53893,77,0.0019020058301527,40462.30378275805,125.17686161022128,77,1,-1.184070359269221,-0.4503720351539703,TOWN
54210,87,0.0004067234004836,213379.9529210146,64.58494295548384,87,1,-0.8915592172792038,-0.701457965549341,TOWN
54278,161,0.0091583095977213,17577.744073642174,165.37668837388395,161,1,0.0064307600879924594,0.3141319146348809,TOWN
54504,150,0.0015742322963339,95224.05066801436,63.05617319399376,150,1,-0.003625399205691661,-0.2957971494850832,TOWN
54872,86,0.0017904377320814,48006.13410105871,123.86866923186189,86,1,-1.0433832745802507,-0.42289963294504357,TOWN
54945,381,0.000863908785977,440508.87929134734,24.707457976820315,381,0,3.676586147987735,0.38536290698670916,SUBURBAN
55159,64,0.0013455619461963,47528.44841693405,117.09639228413047,64,1,-1.3671812461363109,-0.5510306114547532,TOWN
55217,81,0.0017723154676302,45677.15191039488,94.93384167556212,81,1,-1.0946198579834436,-0.4984711714448596,TOWN
55412,72,0.0005162822013856,139189.0148300775,92.61025709015745,72,1,-1.1779723539978864,-0.6593928469573049,TOWN
57063,61,0.002038101755118,29915.1328995197,142.42727813610844,61,1,-1.4454922941062338,-0.47575654550954266,TOWN
59109,46,0.0008155512798082,56334.49011408576,113.32557600050528,46,1,-1.6285497373617988,-0.665795558426515,TOWN
59769,78,0.0010669394384888,73037.84951548351,123.9528378110355,78,1,-1.148970022884895,-0.5054770763377944,TOWN
59810,87,0.0003639648342944,238379.13087763137,63.221700727180654,87,1,-0.8781122856888834,-0.7230425874185074,TOWN
60278,62,0.0003808609743966,162362.75544512624,108.71261927989188,62,1,-1.3307160793870116,-0.6949779204301209,TOWN
60429,67,0.0002513509500405,265503.26039685844,83.11728563844109,67,1,-1.182843957813844,-0.7974772067726383,TOWN
60495,148,0.0082914540485564,17847.55141643074,288.22308541948536,148,1,-0.2922698705473919,0.4510627416797766,TOWN
60583,82,0.0005495488519886,148942.2776994315,102.45648490964533,82,1,-1.0313912737191426,-0.6020543893148882,TOWN
60811,108,0.0082945115743541,13019.088579646625,160.1073475809592,108,1,-0.785654380314134,0.03719685858861412,TOWN
60986,165,0.0081661507858428,20202.88400772717,128.60678450287278,165,1,0.103610741451537,0.21966996650059542,TOWN
61260,29,0.0096010335090687,3020.193584266362,477.93858282611166,29,1,-2.26018872010067,0.3460653659705823,TOWN
61349,99,0.0016743555575608,59091.93397975294,88.71918720455012,99,1,-0.8114187533396546,-0.4439185452546514,TOWN
61370,90,0.0004363584694176,205780.8555070024,82.76586747665336,90,1,-0.8659550190319653,-0.6475884010205555,TOWN
61700,104,0.0164796420330947,6310.433767759623,258.3197219292047,104,1,-0.9658041123940686,0.5491986315099316,TOWN
62247,143,0.000681620398444,209486.8543716984,76.67467247603622,143,1,-0.062049869804557053,-0.41713765164982136,TOWN
62304,27,0.0076190248390183,3543.295536485172,461.8419646811447,27,1,-2.2684455230091145,0.22415472805233538,TOWN
62443,160,0.0055424043099341,28863.130137065447,91.40944962042364,160,1,0.07490104469549445,0.012561639186582683,TOWN
62476,140,0.0009123596087112,153280.26186481284,88.1359374277054,140,1,-0.14523766440080882,-0.3605005247931973,TOWN
62586,76,0.0014503535033306,52364.91304536949,121.55053875484312,76,1,-1.1884767628574864,-0.48860827890540903,TOWN
62641,236,0.0104535053556886,22573.999627020465,107.0087153162389,236,0,1.1833825263948392,0.5864681061631554,SUBURBAN
62686,234,0.0087508128751382,26737.317552199456,94.77177302160824,234,0,1.1724650254688727,0.4809177552257809,SUBURBAN
62718,146,0.0058320431615898,25029.81650494171,90.6317009817007,146,1,-0.13813024157746065,-0.03607355057559056,TOWN
62731,247,0.0087556788329568,28207.041129610097,90.84922649791156,247,0,1.3722390508891689,0.5301958438582446,SUBURBAN
62734,138,0.0011288228322818,122143.04407469228,126.51524892147032,138,1,-0.2245182228345173,-0.2667923398721638,TOWN
62750,290,0.0074992648328187,38665.30135456719,85.8915750748909,290,0,2.0336952547384626,0.6514234852344563,SUBURBAN
62767,159,0.0046064664140869,34509.204345770595,87.15025987317958,159,1,0.0698819355212286,-0.04270215548654815,TOWN
62831,269,0.0087554063724657,30720.365017076256,82.7541941132812,269,0,1.7116265261279116,0.6104821318471482,SUBURBAN
62996,223,0.0001123554075823,1967263.8893564711,29.93388980488132,223,3,2.035669502645982,-1.3876146718693212,URBAN
63304,263,0.0004066142691658,645217.8441598942,37.190877129361176,263,0,1.9904308641049104,-0.2729553900323738,SUBURBAN
63323,181,0.0055824948863768,32416.972466764448,83.93108288910929,181,1,0.3990495943921756,0.09054825054272035,TOWN
63335,228,0.0004096372409995,555234.5896465868,39.719821897990144,228,0,1.417838820668091,-0.36069132374436547,SUBURBAN
63352,158,0.0018375311049026,85938.17073786486,95.99905454028205,158,1,0.08272673966557594,-0.1812253107809367,TOWN
63371,183,0.001812493143012,100910.22439492076,62.5471428229741,183,1,0.49537841181446873,-0.14491411211977154,TOWN
63390,236,0.0004058510334002,580064.8901580223,37.60223363934138,236,0,1.5521267930187908,-0.34659736203154784,SUBURBAN
63444,176,0.0025837058455188,68092.85486204835,77.9170059535758,176,1,0.35783023382584966,-0.09225774661137955,TOWN
63452,320,0.0015093691465431,211868.73469469103,43.6705638515068,320,0,2.6287949753257345,0.3359633792067534,SUBURBAN
63540,132,0.0003461016310452,380292.0764229367,64.0289842798194,132,1,-0.13269574179403212,-0.6212882507084733,TOWN
63569,177,0.001812952594542,97576.97115821597,63.19915035712759,177,1,0.4028837107863813,-0.16788871071960754,TOWN
63573,77,0.0010703442863004,71872.3205832313,76.13978691041139,77,1,-1.1231518972500454,-0.5987216244997225,TOWN
63729,205,0.0017892697228527,114507.88525504275,56.18638365468079,205,0,0.8387161178055705,-0.06997331434807576,SUBURBAN
63774,87,0.0011849856907463,73356.70293395685,78.60954716144444,87,1,-0.9744924612057227,-0.5461418016685838,TOWN
63863,218,0.0008026503725263,271262.2397158837,64.4536444144185,218,0,1.1069078248150463,-0.14619492375215046,SUBURBAN
64005,127,0.0001147140429505,1097533.1667767004,43.166601400334905,127,3,0.15818499791142865,-1.1869702652955003,URBAN
64088,100,0.0014456696444695,69124.28167846639,87.64799888776027,100,1,-0.7897001991602598,-0.4579485590963795,TOWN
64164,173,0.0013882749907919,124525.38276916606,53.810100691119686,173,1,0.3654943017726162,-0.23945993842962698,TOWN
64191,146,0.0017936470474784,81353.04387853625,65.82477687394277,146,1,-0.07379484121376023,-0.2895766118024202,TOWN
64256,80,0.0008036288583358,99424.7213124482,78.02360101766804,80,1,-1.0652633457354415,-0.6120332503705769,TOWN
64278,122,0.000504441377051,241373.19487334543,100.70013868856812,122,1,-0.3828600468461247,-0.49421012231888894,TOWN
64353,75,0.001838816846168,40764.92731122085,107.50128766043836,75,1,-1.1984625919583005,-0.4952362778724162,TOWN
64398,82,0.0018099862863881,45279.19433533726,110.62165848897672,82,1,-1.093504649382082,-0.46275483489846125,TOWN
64684,101,0.0017300846569436,58344.92241316608,107.01257567481142,101,1,-0.7977484240147255,-0.3978982460237018,TOWN
64853,134,0.0003739380431431,357392.38108960865,67.7617880042244,134,1,-0.1170182637259798,-0.5884849434777274,TOWN
64958,90,0.0004834632415199,185772.60829455985,74.34468992336235,90,1,-0.8685211114278227,-0.6476364606306348,TOWN
64975,164,0.0014264700182917,114888.5776222859,73.28048913251517,164,1,0.2083327277015656,-0.23444202844608977,TOWN
65020,92,0.0008071944291994,113833.9942421108,72.82157616106103,92,1,-0.8731644321940816,-0.5785573689821278,TOWN
65240,20,0.0026806375917159,7458.129339245385,694.2536438619796,20,1,-2.5543499546573747,0.4213491582656019,TOWN
65270,161,0.0009169523920128,175390.3594575028,54.685502427108005,161,1,0.2105439623570455,-0.3455557029073078,TOWN
65333,130,0.0064905898071738,20025.911042059008,101.62003368222234,130,1,-0.39345480997845367,-0.05529559973653853,TOWN
65514,140,0.0034502076589989,40565.51034677704,100.24891503076974,140,1,-0.22007924576122886,-0.15438037553054013,TOWN
65597,159,0.0010190254863668,155878.4580631743,59.31112063466061,159,1,0.16659152340261957,-0.32800172419121515,TOWN
65724,79,0.0004657789070138,169245.00831751266,73.33513675747727,79,1,-1.0411538952384072,-0.6874815429533776,TOWN
65732,97,0.0005152647533378,187888.0930237017,58.96188559035337,97,1,-0.7489181164996953,-0.6457171839163316,TOWN
65843,373,0.0022167056491015,168191.8428404217,42.41170565794745,373,0,3.4037950083697637,0.6274047679255569,SUBURBAN
65892,143,0.0003354465713403,425030.33819102106,43.20251964936069,143,1,0.07263011045778865,-0.6430814822655506,TOWN
65931,154,0.0065615663323008,23466.42947317945,94.5488350351213,154,1,-0.0246759814870079,0.03807775042191889,TOWN
65953,113,0.001702020428255,66352.69790379489,97.2593446346405,113,1,-0.6046807695672953,-0.36986777797550346,TOWN
66020,91,0.0007932391961666,114575.05552383768,85.87300669540389,91,1,-0.8991182434122558,-0.5595644032277223,TOWN
66043,135,0.0011279396252693,119581.23975654604,65.4295471098587,135,1,-0.21795849262930966,-0.39301112632408736,TOWN
66160,111,8.605176198263067e-05,1275103.426650315,53.05951781351778,111,3,-0.005169421895876979,-1.3627974190728076,URBAN
66267,210,0.0002329202628652,897741.809228944,41.78081115318747,210,3,1.311573986295857,-0.6800048959366038,URBAN
66272,205,6.892824593428983e-05,2931576.46471834,25.733246151529386,205,3,2.2352907796026926,-2.142085900318999,URBAN
66330,92,0.0019002447146894,48389.35213820121,94.66377919839992,92,1,-0.9279898859258968,-0.4469098923229486,TOWN
66362,80,0.0006629266986261,120495.22961727336,84.48956124990328,80,1,-1.0601273268653781,-0.6202843810919726,TOWN
66494,110,0.0013390796391301,82084.67376714827,106.82998476900828,110,1,-0.6491205035194411,-0.39111495279018543,TOWN
66601,114,0.0022597333430433,50426.115203190864,94.36754094721752,114,1,-0.5969805922465228,-0.33667953232687614,TOWN
66633,217,0.0019959048239357,108668.17356488395,74.4507058123242,217,0,0.9998887380070608,0.02998161652378554,SUBURBAN
66643,143,0.0025167123895443,56797.591573149606,80.99394337850524,143,1,-0.14677485948997515,-0.22732211786910927,TOWN
66652,167,0.0044720546441365,37334.6657454562,74.4349279146838,167,1,0.2032093995890085,-0.038762410131468895,TOWN
66812,208,0.0033368805156076,62314.992710916886,75.5002531568657,208,0,0.8359013754396927,0.0799623762929951,SUBURBAN
66909,146,0.0010029319183705,145428.1882350773,73.68899225631768,146,1,-0.04654949121941878,-0.3519216661454891,TOWN
66969,198,0.0042313033940783,46783.03551608172,79.80859392579677,198,1,0.6706765971674203,0.09179529397820346,TOWN
66993,101,0.001125619716527,89648.70623012811,85.30980652679038,101,1,-0.7614526153719791,-0.48539776767572956,TOWN
67356,217,0.0049601946671769,43739.46489857807,90.69710859565896,217,0,0.9429498205982029,0.22864548360933865,SUBURBAN
67458,89,0.003459688027819,25717.42939108217,158.9708827402801,89,1,-1.0458789357310494,-0.2588874910331131,TOWN
67462,109,0.0003336099954302,325752.3728776961,59.66626501120763,109,1,-0.501469408319511,-0.6940251208594176,TOWN
67486,246,0.0014845388393712,165596.47818034465,71.33560033351333,246,0,1.4686347884766497,0.09174585952516666,SUBURBAN
67569,89,0.0002782829231058,318673.2615451649,209.2196080802228,89,1,-0.9353739681370768,-0.49904350596657937,TOWN
67740,59,0.0006655468322486,88515.9108789938,93.24414611322418,59,1,-1.399305613354863,-0.6744881424512476,TOWN
67763,359,0.0007896976954501,454029.3996880878,34.361682957720824,359,0,3.343895051222229,0.29384330044813467,SUBURBAN
67789,170,0.0040489249363865,41976.08663623272,82.57610140636011,170,1,0.24518705000542443,-0.031030384171642552,TOWN
68012,283,0.0031072353001674,91048.44796813004,55.81359012580417,283,0,1.9966894894059202,0.34508721721897817,SUBURBAN
68014,166,0.0051459380320244,32252.18546777565,105.87091074824222,166,1,0.1558480060078284,0.04739252496996206,TOWN
68043,163,0.0040433320683467,40303.31764192427,87.31078836036613,163,1,0.13492785623769973,-0.05215652098519053,TOWN
68151,135,0.0034385208293014,39249.65328016908,86.4708370406153,135,1,-0.2839892174106788,-0.20192563129361227,TOWN
68223,80,5.224943501194465e-05,1502363.35807234,69.42695102843356,80,3,-0.37585117850021127,-1.6272537474939546,URBAN
68276,123,0.0005447778798019,225366.4073828683,62.389873384617374,123,1,-0.34250082387728703,-0.5489985434643234,TOWN
68337,96,0.0045254290254208,21208.771740560893,133.95012112326472,96,1,-0.9251134046061908,-0.227462952110427,TOWN
68407,121,0.0001224613376807,980063.8991364706,46.56099809441953,121,3,0.008039738688531979,-1.1257565966682956,URBAN
68489,85,0.000823252989996,103123.67808384565,72.61186614773125,85,1,-0.9835953746482259,-0.6018311892466653,TOWN
68680,219,0.0100063736035168,21883.86370656112,108.12564998721086,219,0,0.9279134264557992,0.49529983534840194,SUBURBAN
68959,80,0.0024119675338586,33154.19659711217,100.19429815613148,80,1,-1.1227598610697116,-0.4577536336748848,TOWN
69074,19,0.0003940560148306,48094.44556398889,297.84448320918824,19,1,-2.1972819498795664,-0.45054028898219506,TOWN
69111,43,0.0020658090934479,20805.01781045741,204.38870546581123,43,1,-1.7746642867034077,-0.431535957851833,TOWN
69195,181,0.0021080570444277,85820.3434934153,80.60508753899695,181,1,0.44117630450769174,-0.09713811493011953,TOWN
69344,247,0.0455651645471942,5420.688847843991,176.82693460100353,247,0,1.144769616085462,2.2393053249454304,SUBURBAN
69362,137,0.0028594467141552,47894.61706174703,89.72511037326203,137,1,-0.25028860806086783,-0.2170405174298342,TOWN
69499,180,0.0042879244055118,41968.56437214832,85.42553629913826,180,1,0.3923158042050504,0.02846709791376142,TOWN
69596,111,0.0039117991209211,28368.43818699987,115.51046647096057,111,1,-0.6775115955319566,-0.226268342217377,TOWN
69642,108,0.0007329564070133,147147.70382545976,86.27891825156168,108,1,-0.627580997024388,-0.5086488377051019,TOWN
69701,223,0.0089912763157861,24799.060012037004,111.8123374198872,223,0,0.9902515539392985,0.4756418384972692,SUBURBAN
69770,149,0.0010418551168769,142876.98989885356,67.39789710135871,149,1,0.0026763360878882276,-0.3470949064143078,TOWN
69797,104,0.0005230479239748,198455.1321397861,63.81819321411535,104,1,-0.6426764442641838,-0.6126281069155325,TOWN
69804,139,0.0038904511381952,35719.32296301766,104.73393901617172,139,1,-0.24306250532824147,-0.12871364403517147,TOWN
69876,76,0.0012590352003052,60315.77529071156,94.62705672917396,76,1,-1.1605515299522726,-0.552605369938628,TOWN
69916,216,0.0002364406952313,909700.8404122364,45.24015149376989,216,3,1.4046644603016938,-0.6550958944953694,URBAN
69952,166,0.0004991737446926,331884.6735987749,50.20470005608689,166,1,0.3670486284568294,-0.4572148616169315,TOWN
69986,117,6.728877617858413e-05,1713312.2973829494,43.627738419597534,117,3,0.3054992708663408,-1.6570651768633045,URBAN
69987,161,0.0007874362309641,204201.6762765036,62.42960762281348,161,1,0.2182756460518244,-0.3562814718030943,TOWN
69999,100,0.0002326936710934,427910.6042201179,63.94162935454958,100,1,-0.5908104783529301,-0.8004471695953282,TOWN
70030,154,0.0045401710787567,33911.95736280448,94.28601398747182,154,1,-0.011599293789651192,-0.05374939971770707,TOWN
70116,141,0.0007698047741672,182925.6962663952,85.94762699142916,141,1,-0.11338945600244398,-0.38657327560218696,TOWN
70128,202,0.0059031802389046,34213.04767577299,79.54574830700612,202,0,0.7185843173804772,0.18723272587334625,SUBURBAN
70268,118,0.0017131021894864,68840.70315280023,86.43629563181183,118,1,-0.5188750854789331,-0.3693458103399586,TOWN
70275,145,0.0058098928999222,24953.135860056944,98.8974978531618,145,1,-0.16029973877395404,-0.025842737844311053,TOWN
70299,43,0.0011280895587522,38083.78145620324,122.80056539022036,43,1,-1.6919592830774133,-0.6356669931829936,TOWN
70314,88,0.001219370614957,72109.24199702856,97.70430100125846,88,1,-0.9767291471831158,-0.5035795476294378,TOWN
70553,157,0.0003716336505907,421325.34125971975,49.52456483808045,157,1,0.27595031018789107,-0.5652759554138986,TOWN
70558,58,0.0007620674920282,76009.0039294378,99.1713487900381,58,1,-1.425921943261369,-0.6551342769835214,TOWN
70567,228,0.0003046015435281,746069.5301724399,26.441249881775832,228,0,1.5221242574522071,-0.5216400761385508,SUBURBAN
70669,156,0.0021805066220077,71510.211532809,85.146063504262,156,1,0.053724317735367205,-0.18621405354748666,TOWN
70851,322,0.016071923468739,20033.692105003352,94.3835745522638,322,0,2.465942517629778,1.1784292869375859,SUBURBAN
70864,130,0.0053689886705952,24208.617182350485,96.25842537794055,130,1,-0.3824584159645494,-0.11492724679356373,TOWN
70881,213,0.0055760979138615,38191.90612927961,87.43532792721211,213,0,0.8805081923494197,0.23430322657866043,SUBURBAN
71092,60,0.0005617446817893,106620.28792386012,89.06265513900583,60,1,-1.3714651812798284,-0.6947287974251902,TOWN
71224,213,0.0034733351798558,61306.69292789411,74.60405380299817,213,0,0.9109260991712931,0.10675212946362791,SUBURBAN
71283,84,0.0003076975063841,272111.04159508646,59.13113675954412,84,1,-0.9031793042460139,-0.7695929498033743,TOWN
71349,158,0.0043192921528543,36571.60081074843,74.3948498836155,158,1,0.06799223247039914,-0.08444501229448266,TOWN
71385,108,0.0013170064278392,81941.93724612953,74.35068255006776,108,1,-0.6510538775136211,-0.4617553161338862,TOWN
71396,144,0.0041634079199377,34578.74511057837,117.17665317560277,144,1,-0.1801911825589279,-0.07110730117842597,TOWN
71426,41,0.0019944379567329,20546.86785006717,191.58831765948625,41,1,-1.7935225680643099,-0.4672005467705278,TOWN
71528,157,0.0039008338021603,40237.4903598083,83.86462770002088,157,1,0.048118404470296326,-0.09102931153441725,TOWN
71536,185,0.0041880664015346,44162.584754499,95.82402867764402,185,1,0.46001052976677564,0.06441890902429791,TOWN
71621,135,0.003180543548783,42432.23389214245,193.8714452589139,135,1,-0.37455676732620447,-0.013209271466827743,TOWN
71736,142,0.0042152788458782,33678.98689594851,97.0449907972806,142,1,-0.1934798698419969,-0.11496483548340022,TOWN
71774,128,0.0034492767289547,37098.47355889592,79.74460292823545,128,1,-0.3846078534744066,-0.24355961874838744,TOWN
71940,207,0.0066049900353148,31335.19713069545,103.74764672930571,207,0,0.7687677220209936,0.28596412936912013,SUBURBAN
71986,200,0.0002999824346815,664490.6046147748,28.36752289400628,200,0,1.059518774951285,-0.5856864115632351,SUBURBAN
72170,173,0.0014641064251728,118080.15924822116,90.16637064017915,173,1,0.3305660499211303,-0.16359751929476118,TOWN
72210,147,0.0010112400603355,145222.46822683187,61.30964482322752,147,1,-0.020897398405124036,-0.3702570981773917,TOWN
72279,115,0.0007733565122943,148510.40596180435,54.07148104716419,115,1,-0.49379071871270336,-0.537441253488825,TOWN
72355,164,0.005595559896209,29303.71568275143,106.19080894678513,164,1,0.12230538348929115,0.05990071773451263,TOWN
72407,444,0.0036261476099971,122410.2373932184,46.78438654239845,444,0,4.441130700112397,1.0396441758040185,SUBURBAN
72421,328,0.0004084347011883,801104.5449934739,33.382479215034984,328,0,3.0475842029113696,-0.10029662212302519,SUBURBAN
72474,177,0.0003500081642093,504261.7752174302,37.43796330666213,177,1,0.6277026404511346,-0.5576911565747783,TOWN
72521,78,0.0005513277660168,141220.49406006894,67.48077322403134,78,1,-1.0650257925258924,-0.6799999020076806,TOWN
72642,56,0.0007320483151036,76393.32748767713,133.78351103185315,56,1,-1.485729277043341,-0.6005022764242193,TOWN
72661,108,0.0023441161928194,46053.15520428683,80.46856968778567,108,1,-0.6776882497932838,-0.38276409968266245,TOWN
72677,132,0.0028438415527309,46399.77220287843,128.48339297245104,132,1,-0.35981240403898834,-0.1659864561133924,TOWN
72736,173,0.0042579117807454,40620.70521914383,101.08545337068486,173,1,0.272837244664195,0.02661301987388024,TOWN
72757,183,0.0041400883900462,44191.280833287965,89.45697957684962,183,1,0.4356240241266384,0.04160885978814739,TOWN
72813,204,0.0039971723072279,51023.31373543058,99.17256761840868,204,0,0.7471598875749975,0.14199979894983458,SUBURBAN
72845,144,0.0003129789984581,458629.4010336158,53.56538041940101,144,1,0.09504877037487396,-0.6433184608735008,TOWN
72940,78,0.0021804371957333,35756.2437060122,98.3322524980531,78,1,-1.149098416778487,-0.48151980152341256,TOWN
73014,135,0.0038032558112308,35486.57259100632,92.19264774244698,135,1,-0.29217686734405296,-0.17340697841682828,TOWN
73038,151,0.0009525213920015,158360.3695382635,123.15935251883842,151,1,-0.007718117673696796,-0.24796072047512815,TOWN
73041,72,0.0010654287385449,67515.0597481412,89.80469427294415,72,1,-1.212349654850368,-0.5923617757863111,TOWN
73049,137,0.0003909312983731,349551.05797540373,57.55377330788761,137,1,-0.06687299902158605,-0.5882756787438759,TOWN
73105,130,0.0042619311214865,30495.449327050832,129.26972290726945,130,1,-0.4037640262402515,-0.10335860614925255,TOWN
73115,223,0.0016784368461549,132782.60537784136,71.9290767145751,223,0,1.1052849946628422,0.021916672265926793,SUBURBAN
73121,238,8.486842001683052e-05,2771682.5342000136,32.13986119455563,238,3,2.6490111034271546,-1.873246785513641,URBAN
73141,62,0.0010098286751561,61335.81439052678,90.38494046601323,62,1,-1.3661531236203077,-0.63351915307937,TOWN
73206,184,0.0065173112154517,28228.170444489537,99.57464172377892,184,1,0.4250143769500953,0.17497374613609312,TOWN
73209,56,0.0017688810766496,31640.54395451568,125.06912811631608,56,1,-1.5038338907706625,-0.5428397488612428,TOWN
73303,137,0.0058397306973181,23455.96931269336,113.3913385521424,137,1,-0.2941228533855313,-0.03171182095232489,TOWN
73318,147,0.001282336859687,114545.13979739606,74.19546366262183,147,1,-0.04796161167323637,-0.313618236382194,TOWN
73331,17,0.000193586927584,87364.55326708972,439.37686336542936,17,1,-2.3302964411735574,-0.2290807339070917,TOWN
73381,140,0.0042624262528825,32837.43911492438,158.9866125778345,140,1,-0.2778691956461637,-0.00496354970485141,TOWN
73389,126,0.0020760862034375,60661.90213553427,80.48128686306072,126,1,-0.39865190796074457,-0.32442110837504334,TOWN
73422,46,0.0001282381050344,355932.17641000974,113.55469438370672,46,1,-1.4810845894539868,-0.900646089860808,TOWN
73471,121,0.001829387482752,66106.22130024307,81.26583467084247,121,1,-0.4710076666218115,-0.35906886988386166,TOWN
73484,164,0.0055988305101769,29286.600675136782,80.05718285572831,164,1,0.14493899665844084,0.010981813885325738,TOWN
73534,84,0.0008569452090314,97908.3502253402,74.89800001071879,84,1,-1.0032838100129933,-0.5969584530958724,TOWN
73817,29,0.0033712322815381,8599.644858026231,431.6283518489399,29,1,-2.1933258357486127,-0.004009160085664867,TOWN
73818,114,5.839961611030702e-05,1919204.3226053568,49.21902046148262,114,3,0.35518719860758236,-1.8022292903459491,URBAN
73957,99,0.0024566239043884,40282.81130535177,109.47126020171744,99,1,-0.8415281200908689,-0.3594234018411448,TOWN
73994,132,0.0001602387823602,818661.6027965804,45.40235575936446,132,3,0.09635134453920446,-0.9664022949663565,URBAN
74179,223,0.0009580676215376,232517.4940662269,48.21367731317681,223,0,1.1768949837935663,-0.12139219831453062,SUBURBAN
74214,165,0.004163800709583,39617.74200151825,90.85162704444488,165,1,0.1611669083796467,-0.031182671617978205,TOWN
74343,201,0.0001597614980909,1250299.3713475536,29.23904918695871,201,3,1.3579047828539195,-0.989582898732419,URBAN
74345,203,0.006184068299229,32820.979523427704,101.22739058222146,203,0,0.7130848135658672,0.2450108614849814,SUBURBAN
74352,65,0.0012554025394997,51735.011635584735,107.57264716384896,65,1,-1.3414893072311538,-0.5711464276693311,TOWN
74370,57,0.0005826554881708,97660.35127784006,97.73814992931004,57,1,-1.428560375919395,-0.6846476599040544,TOWN
74581,92,0.0008900791851467,103245.59425641426,96.06559959678702,92,1,-0.8987586563203391,-0.5241619726048585,TOWN
74609,253,0.0008521037170453,296564.1749589856,36.57791506369179,253,0,1.6699623300193318,-0.059244491272125346,SUBURBAN
74626,115,0.0025918130935604,44353.37058641699,98.76924427605488,115,1,-0.5899635414814096,-0.30598563887143565,TOWN
74639,45,0.0003458553018592,129737.09716640205,128.16306499812234,45,1,-1.6191245448285072,-0.7125416726687248,TOWN
74950,182,0.0039387641983115,46195.65812542711,95.7900337990127,182,1,0.41682801419731413,0.039318281152526974,TOWN
75304,201,0.0069875221665251,28761.445583271587,88.93398782614445,201,0,0.6885744210342831,0.24932962570583808,SUBURBAN
75313,73,0.0030621708702019,23831.51417053928,120.76970695529356,73,1,-1.252981948898574,-0.41656758844327674,TOWN
75558,197,0.0044897471585009,43867.97854496908,96.4550840602403,197,1,0.6387865048954299,0.13139716624605932,TOWN
75643,87,0.0003883491072045,223449.85102097652,64.45536503367856,87,1,-0.8865019283950668,-0.7094126243483712,TOWN
75700,141,0.0058809116049153,23971.798536069677,104.1859024983969,141,1,-0.22584245045836512,-0.029959096698560443,TOWN
75701,38,0.0013687500605902,27742.2875116534,196.2082668399263,38,1,-1.8367896826109589,-0.5027891347626361,TOWN
75731,133,0.0039099211673071,34007.33339035188,114.76811621648018,133,1,-0.3429788966093301,-0.13440010184505377,TOWN
76121,221,0.005456484233229,40494.84901017124,75.55829644695623,221,0,1.0127989932422852,0.24079324534096155,SUBURBAN
76164,127,8.538988235227456e-05,1470079.5572579713,42.45966718004667,127,3,0.339234195525171,-1.4465168106180084,URBAN
76645,150,0.0008945278569081,167498.97710370974,66.27160956712294,150,1,0.031190810354301046,-0.3679068991866725,TOWN
76728,113,0.0001447825292387,775127.1746350711,48.34335001118877,113,1,-0.2132058484211724,-1.0154632749331605,TOWN
76919,178,0.0002049227841894,864401.6770684313,51.34969664426462,178,3,0.805572896273876,-0.7816303683377932,URBAN
77031,119,0.0033535297527806,35474.420789190706,134.48985866421168,119,1,-0.5679534376471264,-0.18341391218498823,TOWN
77219,86,0.0007480983453232,114804.6855755505,78.86148914706027,86,1,-0.9680169228644161,-0.5968636554388821,TOWN
77266,137,0.0018453233744618,74201.51956855005,72.18127032256245,137,1,-0.21843737300585137,-0.3103338955009715,TOWN
77276,191,0.0047531244706835,40175.64141995148,92.1329746183294,191,1,0.5494163139246546,0.1102735032150193,TOWN
77371,140,0.0065745120435454,21291.117569684,104.51739563600891,140,1,-0.24515370830578212,-0.0030402350289029513,TOWN
77487,71,0.0033623402203895,21109.966684183943,156.24648822908907,71,1,-1.316315076923606,-0.3444276399692536,TOWN
77559,95,8.3210261408811e-05,1128128.5488333618,64.36206088379329,95,3,-0.3269346701628644,-1.3110178697295545,URBAN
77662,190,0.0046282717746051,41043.17250118821,95.9258503203854,190,1,0.5319772325187497,0.10718054056919674,TOWN
77901,148,0.000281942790751,523073.9387532558,44.89132642719789,148,1,0.19409030627519347,-0.6876744554306085,TOWN
78365,216,0.0047581249429152,45386.49491048833,78.52773991026822,216,0,0.9400229489534918,0.1918314216343861,SUBURBAN
78437,96,0.0006358322579029,150746.13260975317,123.3631450887489,96,1,-0.8382407540784792,-0.49858102124711456,TOWN
78560,55,0.0025059663334178,21938.866616136616,206.7445336868184,55,1,-1.5972259115204444,-0.35654157207842574,TOWN
78620,146,0.0038992229241364,37433.75772099656,109.5865881788494,146,1,-0.14110639186101784,-0.08948337681315531,TOWN
78659,64,0.0002818614238284,226259.201886842,82.42332460824817,64,1,-1.2465124420016198,-0.7836967222466473,TOWN
78735,121,0.0048173391922839,25112.38731257607,110.58334459348406,121,1,-0.5277836033417924,-0.1513900736998709,TOWN
78901,69,0.0013057374867146,52803.26056419696,93.78778105625194,69,1,-1.2690070285860906,-0.5779918529393726,TOWN
78940,173,0.004169553827649,41481.30132096168,75.99934406828203,173,1,0.2953408806613212,-0.024758081800541076,TOWN
78945,396,0.0042108594475027,94020.23142884992,38.001268603097024,396,0,3.7102341094080273,0.8549346920658233,SUBURBAN
79011,324,0.005813288425789,55724.789737452986,42.86749368181004,324,0,2.597529923862426,0.6389723976817108,SUBURBAN
79097,62,0.0006693202179032,92493.1075388686,83.11275376892418,62,1,-1.3434552964857578,-0.6828381432597875,TOWN
79286,259,0.0013614617677525,190097.0773126576,39.38962847601256,259,0,1.7043423979202879,0.06719641876081783,SUBURBAN
79301,372,0.0011060563870359,336026.24433250946,38.79155134952085,372,0,3.4773993710087616,0.4541849081434803,SUBURBAN
79342,133,0.0039755307507009,33446.2395334316,106.1630218086291,133,1,-0.33604390693269987,-0.1474388232863092,TOWN
79363,307,0.0001557519523177,1958508.302197582,17.019968091649744,307,3,3.306859588231984,-1.0327725598002786,URBAN
79386,123,0.0003247511015541,377588.8996635341,47.92642012838431,123,1,-0.2554344831881641,-0.6903211786249405,TOWN
79408,226,0.0035098424318325,64372.014520182354,58.81231247381304,226,0,1.1216395280963245,0.13396153225337443,SUBURBAN
79499,194,0.0005630482288155,343942.2199895885,51.491234701443055,194,1,0.7929901995949808,-0.33671133764281924,TOWN
79568,101,0.0007961169953076,126706.61972401448,115.06384233893289,101,1,-0.7680381373495132,-0.46881114582954864,TOWN
79622,251,0.0037693632288443,66571.83532869772,60.340199984411534,251,0,1.4966890261256476,0.25660239156947945,SUBURBAN
79624,172,0.0010749268213982,159862.17331813503,68.3098337161208,172,1,0.35618456482354716,-0.2540737365124344,TOWN
79714,203,0.0001700576404583,1186734.4800034822,32.48906750497903,203,3,1.354385253929616,-0.9303634092155844,URBAN
79764,146,0.0008848130348037,164820.33370883955,70.5349344803198,146,1,-0.033973589001351535,-0.3761370334891743,TOWN
79981,195,0.0018923403821576,102992.57430815604,82.73192298427604,195,1,0.6592095445212353,-0.05209518716068717,TOWN
80037,76,0.0007654389261629,99159.89050879932,75.80103964186623,76,1,-1.1235271790471395,-0.6352911227240221,TOWN
80066,104,0.0011488600521561,90445.78929843058,115.70366474940668,104,1,-0.7423468167764059,-0.4146561715869859,TOWN
80478,119,0.0004745408476317,250241.3842945939,47.16595106079985,119,1,-0.377202193551781,-0.6153432419297138,TOWN
80560,499,0.0041346894249277,120657.02927117668,28.809921768046312,499,0,5.28178448270765,1.2713461355531208,SUBURBAN
80817,129,0.0046167912830792,27935.433217323665,99.23751753281536,129,1,-0.3953895246673785,-0.14762986938357756,TOWN
80908,181,0.0072217300915184,25059.776248948638,99.70613176877734,181,1,0.37549394435406247,0.19346468630173982,TOWN
80969,140,0.0005752156988976,242964.57085051684,81.8934149837444,140,1,-0.09511661164384404,-0.44812075363423015,TOWN
81068,136,0.0014036155946103,96823.64379396608,62.62899513196764,136,1,-0.21255651529965572,-0.36667724079396574,TOWN
81087,193,0.0054686289461143,35285.75738891876,72.50171261995926,193,1,0.5914136095633087,0.1154058486381695,TOWN
81109,226,0.0010391109652437,217284.5086264804,46.02746719709526,226,0,1.2162616642714361,-0.09835692899538365,SUBURBAN
81125,281,0.0040028986986717,70181.59577644088,45.72445013380337,281,0,1.9617775632263401,0.3689766327852687,SUBURBAN
81155,301,0.0004155611990307,722582.9018649092,36.7478078915508,301,0,2.60021816403341,-0.15884173642680424,SUBURBAN
81219,169,0.0045088766767533,37473.30849890579,105.40561608492382,169,1,0.20639170732485201,0.02966212703811028,TOWN
81254,139,0.0009108478386218,152437.71396123126,68.67613437562603,139,1,-0.14382288589717285,-0.4009382532557673,TOWN
81300,191,0.0034324044881368,55629.91504786175,69.14635654929822,191,1,0.5819147474985017,0.0014875668806891926,TOWN
81333,152,0.0023655868895999,64227.51713362692,75.90774011810637,152,1,-0.0027153542086650224,-0.208510820399784,TOWN
81337,206,0.0003544462334506,579553.1943049398,40.40327004061579,206,0,1.0980774996994644,-0.4757112883127947,SUBURBAN
81445,255,0.0010108294271587,252018.7624074649,40.0958944677416,255,0,1.6748442679158717,-0.006464913858405719,SUBURBAN
81581,251,0.000269200500408,928939.8044080702,34.23503010537233,251,3,1.9502240116053644,-0.5329825455157868,URBAN
81628,269,4.897699550236088e-05,5382476.42332346,17.765157196789694,269,3,4.391934977214304,-3.565763423014936,URBAN
81731,167,0.0232072005176228,7195.732382318517,185.23789337302136,167,1,0.020341265655736674,0.9697983798785877,TOWN
81996,150,6.93860643720615e-05,2131103.6685770405,30.41318086419644,150,3,1.0158985502399362,-1.8241542690868047,URBAN
81998,114,0.0038135238816513,29885.774355316647,128.93576617151797,114,1,-0.6428791379716249,-0.1929400157527948,TOWN
82001,193,0.0012619666145665,152814.80743356005,44.33715931431582,193,1,0.688933751327831,-0.19362676701323733,TOWN
82047,123,0.0110336997732147,11146.655779305009,144.92658576207373,123,1,-0.558175251261776,0.1902809404240764,TOWN
82126,190,0.014949372617941,12708.713344842772,136.95294941587088,190,1,0.44290721543646633,0.6333079069042606,TOWN
82254,227,0.0024474393431789,92712.1191024782,43.59040047474499,227,0,1.1677005954350135,0.04603527634621591,SUBURBAN
82368,100,0.0011057547269039,90354.2560687684,64.08832546914702,100,1,-0.7576906075876917,-0.5309748937745078,TOWN
82616,212,0.0029510177182582,71815.28711320976,61.86244727449738,212,0,0.9140191642861759,0.0494222697319825,SUBURBAN
82632,280,0.0060409743314813,46342.46765019763,50.32652676751298,280,0,1.9233397084366968,0.47446504868761386,SUBURBAN
82666,159,0.000159210841505,992442.19995563,38.12178840516552,159,3,0.5931959963248074,-0.9806681673118254,URBAN
82762,110,0.0010554563480412,104121.67071923568,56.71271285713384,110,1,-0.5939152698304918,-0.5122180736258137,TOWN
82804,125,0.0005435071960918,229565.37745906197,39.60878275314086,125,1,-0.2906104366449275,-0.5858812797138548,TOWN
82899,220,0.0009158752640978,239945.3978251412,56.91071901662323,220,0,1.127956580074351,-0.12520192951429143,SUBURBAN
82962,169,0.0001266518295345,1323913.65338263,47.0533244255641,169,3,0.896544762485849,-1.1497219552820497,URBAN
83041,112,0.0076964592791151,14550.255602375224,408.5045068610898,112,1,-0.937726594995163,0.4953032828025851,TOWN
83112,88,0.0010310617963527,85266.2120727563,76.12220207693927,88,1,-0.9509259033161886,-0.5610141487237762,TOWN
83145,79,0.0004246869922405,185582.36789005317,82.8163012446028,79,1,-1.0413066733467002,-0.6826607329153002,TOWN
83644,110,0.006406061423197,17168.557117579603,182.4934793338416,110,1,-0.7656666650774459,0.006609345918857911,TOWN
83673,121,0.0001223504923346,980944.6051643988,41.867816942347005,121,3,0.012534840330568071,-1.1351803770647224,URBAN
83677,122,0.0016904228485748,72128.62242152818,84.11612565651889,122,1,-0.454975358750561,-0.35923584151299787,TOWN
83719,149,0.0043191847283724,34489.2659384346,102.84100766257538,149,1,-0.09314593557015544,-0.06938027436236266,TOWN
83756,94,0.0227332722240737,4134.72659575447,344.7239331967497,94,1,-1.216391580984016,0.9289992166397941,TOWN
83870,89,0.0043052339108067,20667.71147211713,158.15769003856042,89,1,-1.0508779746215569,-0.221740223957388,TOWN
83883,79,0.0008286236601457,95223.89945595716,91.71926398286315,79,1,-1.0943178004041691,-0.5868005363316751,TOWN
84166,165,0.0040726487505258,40504.22854417651,139.03034488661035,165,1,0.12018262726607827,0.05486944940640679,TOWN
84196,109,0.0040176516297094,27123.52551143628,140.44941412083634,109,1,-0.7302459039163062,-0.18301942628074427,TOWN
84216,227,0.004504796807224,50379.54655124589,195.81470741407,227,0,1.0073198625716013,0.44666940073345146,SUBURBAN
84258,131,0.0005872079171478,222710.36512940415,72.15259438022703,131,1,-0.2319939235030478,-0.4917141262683822,TOWN
84279,212,0.0041176759035068,51472.85316125326,174.60966046906506,212,0,0.8019377217929201,0.3236971839532989,SUBURBAN
84393,229,0.0024409226512175,93778.56415141688,112.41897267018076,229,0,1.1386811306247642,0.18309562018263525,SUBURBAN
84435,206,0.0042660611223215,48276.78678479379,162.75499357618406,206,0,0.7197808221305336,0.2833026968867315,SUBURBAN
84465,215,0.004873214106448,44109.67497623449,351.0184209209543,215,0,0.6876943328214289,0.704693662304395,SUBURBAN
84490,144,0.0008384027124809,171550.5535768344,97.11618139956325,144,1,-0.08368435749754553,-0.34164322318783064,TOWN
84502,114,0.0017514575965117,65051.50265941664,136.5051882237974,114,1,-0.6244699077438883,-0.2888075995945694,TOWN
84526,143,0.0006120846415959,233246.7497925619,69.94525003089466,143,1,-0.044447764404785484,-0.4490569926055864,TOWN
84560,145,0.0023693609029512,61172.11932557131,78.65560136237825,145,1,-0.11195756863311183,-0.23202365877556544,TOWN
84854,113,0.0558794312992144,2022.174800243328,372.0151915828332,113,1,-1.082862362155258,2.4451695417034403,TOWN
84864,186,0.0023058066814842,80630.94384672046,89.94820095439165,186,1,0.5050647759558432,-0.045688356271348665,TOWN
84883,191,0.0009918904197352,192367.6532712766,44.08673014929713,191,1,0.6792319981001095,-0.24146157556415002,TOWN
84952,283,0.0053113997417045,53271.59358478447,90.3436616378839,283,0,1.9399737106580133,0.5277133392550114,SUBURBAN
84964,188,0.0031850868302785,59006.552556373295,107.27655818481752,188,1,0.5062914355646642,0.047197344857159984,TOWN
85070,181,0.0109638718832132,16507.260816891445,141.56802248703414,181,1,0.3206386156634711,0.4337050058048661,TOWN
85107,34,0.0046150413438768,7365.618604153232,312.4167355850015,34,1,-2.0201151495860272,-0.15311848242134105,TOWN
85205,118,0.0048955748915382,24098.47753047018,127.06120461218268,118,1,-0.588017340141239,-0.12975544078619086,TOWN
85219,65,0.001179426928833,55064.82308418363,170.38092829096064,65,1,-1.3940314132913838,-0.4586806639285624,TOWN
85333,85,0.0027194236121362,31245.13389047196,123.08271379861888,85,1,-1.069448594786654,-0.378569156464102,TOWN
85344,245,0.0033799393534403,72465.0679553582,87.68914672012731,245,0,1.3870204713643106,0.26116097854451553,SUBURBAN
85460,199,0.0171210967255862,11622.408352747265,121.6865811022238,199,0,0.5827144288716981,0.7355545047384331,SUBURBAN
85585,235,0.0012606904128696,186258.0531665469,45.83869255981229,235,0,1.336024857509778,-0.028310127969940528,SUBURBAN
85593,146,0.0023581398791039,61886.96197847145,82.7637878406272,146,1,-0.10007718741830204,-0.22085097243708732,TOWN
85747,237,0.0014944759133193,158477.97874187064,73.6985357061241,237,0,1.3276310588196112,0.06173060904831921,SUBURBAN
85785,165,0.0015628114379118,105511.44210859656,66.74257989626334,165,1,0.22398821316281614,-0.23015452170869682,TOWN
85823,170,0.0036824705566219,46152.12674752645,98.48331634117716,170,1,0.23483161832612842,-0.01929619483614013,TOWN
85834,184,0.0375931528707003,4894.378139942177,175.78539896107458,184,1,0.2278510964124951,1.6274960640931935,TOWN
85939,113,0.0027345834281487,41307.45889057723,108.6005361303586,113,1,-0.6306155097693313,-0.28832301259825366,TOWN
86023,193,0.0010156120036637,189846.2730170925,46.71602807096942,193,1,0.7057456371079146,-0.22495924861282146,TOWN
86227,176,0.0082942556462471,21216.94707258652,119.0533834376342,176,1,0.2774655539513006,0.2549801994447213,TOWN
86633,145,0.0075396962600496,19228.99358355073,139.30997648778995,145,1,-0.20477159852583746,0.12597414428353013,TOWN
86680,120,0.0007186530048449,166747.02834854848,65.22647055758304,120,1,-0.41916077204512137,-0.509256708104102,TOWN
86872,151,0.0010695708023293,141046.25277605266,84.90454636478968,151,1,0.01661211049181419,-0.30297002000657275,TOWN
86901,156,0.0023581066362917,66126.72678722725,78.4876921288829,156,1,0.056205822689071455,-0.18761013560169967,TOWN
86924,212,0.0116744517893057,18157.755590596007,112.91144892445494,212,0,0.8101636857819511,0.5453422168861572,SUBURBAN
87424,151,0.0045119345874431,33459.381489850086,118.66602369380249,151,1,-0.07800100687010263,-0.02209666510982723,TOWN
87529,102,0.0007574944119691,134476.93007413216,64.11994940157747,102,1,-0.7049139639348744,-0.5670083209926108,TOWN
87534,175,0.0066087819461549,26475.91122151921,127.11468830671078,175,1,0.26446840393345267,0.19192089373291216,TOWN
87643,221,0.001001367108701,220478.10436078388,41.465642867637854,221,0,1.1466455434691971,-0.13279361327884698,SUBURBAN
87644,250,0.0377855960840224,6616.102690067638,154.85067342873683,250,0,1.2395479163730492,1.8867023150788313,SUBURBAN
87655,184,0.0046551822746453,39517.3533050778,121.53598498679357,184,1,0.4186199085774849,0.1309197414442964,TOWN
87666,216,0.0064785635565456,33335.578564052434,102.12947150176969,216,0,0.907097613361171,0.3160602543816859,SUBURBAN
87677,152,0.0050831239473979,29896.98944648918,115.13318078062508,152,1,-0.06381245615068697,0.0019195185461027221,TOWN
87839,212,0.0019618862774972,108004.21931234191,73.44492687756235,212,0,0.9253084527107845,0.005037685858962613,SUBURBAN
87916,143,0.0043076883699387,33188.754377711746,110.95815234595906,143,1,-0.1910819557431095,-0.08023866754483543,TOWN
88119,200,0.000194995528588,1020431.4427008756,79.75174190566312,200,3,1.1876657395397971,-0.7391236807340631,URBAN
88231,142,0.0066519238289643,21343.999067265107,133.2549752703674,142,1,-0.24023357472973147,0.06294001599647027,TOWN
88263,163,0.0041301790714985,39456.04806253825,84.25454473351722,163,1,0.1368323108225002,-0.05369578307675905,TOWN
88379,222,0.0040478092473087,54830.93582330688,158.3092365768838,222,0,0.9684867471841585,0.3320637539004347,SUBURBAN
88647,218,0.0027379604522108,79592.24085328926,112.0032233986996,218,0,0.9654535193502674,0.15584864784331007,SUBURBAN
88738,174,0.0041038298161749,42389.08987514127,79.6455473614202,174,1,0.3079252543533608,-0.01685423350222269,TOWN
88773,215,0.0018299526447379,117425.21065080234,71.10124663259816,215,0,0.9775659561031745,0.001906074230920551,SUBURBAN
88926,231,0.0214225969791618,10782.503060745916,125.79540674426272,231,0,1.043839283787248,1.0642970373882397,SUBURBAN
89159,163,0.0045424256655437,35876.0133870248,110.23524659599492,163,1,0.11098822938776896,0.01471077156721915,TOWN
89225,108,0.0042020130985935,25695.85139673747,110.04295068073252,108,1,-0.7203415726935644,-0.23587045143637506,TOWN
89352,95,0.0003274724474276,289217.56069335225,63.10111368180003,95,1,-0.7328406746091548,-0.7245019200411567,TOWN
89500,77,0.0013388135707314,57470.68225168494,128.07206940738698,77,1,-1.1761763542567396,-0.4801086509143811,TOWN
89645,132,0.0008217818781889,160431.34091692138,52.69879295178008,132,1,-0.2311267796165834,-0.4710943210900782,TOWN
89703,165,0.0050886537974351,32418.707944958715,102.31257242188882,165,1,0.14418168588550567,0.033793092047965094,TOWN
89762,182,0.0046232330199909,39357.87820665591,112.15658602359318,182,1,0.3966918497436172,0.103250801544697,TOWN
89778,98,0.0004254789060693,229788.62167703744,99.07802373694354,98,1,-0.7480140586437186,-0.5986197228644127,TOWN
90142,113,0.0028133789224753,40150.95447794694,106.79993333660036,113,1,-0.6299181733253291,-0.28762653342939004,TOWN
90232,72,0.0069320430438079,10385.05019297473,277.25646913999145,72,1,-1.425115988973821,0.04315756286930391,TOWN
90528,162,0.0044999171173913,35992.66455586093,108.8003494327575,162,1,0.09740005514712939,0.0057475251006837615,TOWN
90789,264,0.0040635314465269,64952.13617441251,169.64772268699693,264,0,1.5956963921975398,0.5326456484148108,SUBURBAN
91104,662,0.0227602510856269,29084.517257403004,82.02994743147045,662,0,7.573059529842791,2.92999866959344,SUBURBAN
91119,131,0.0041520204086416,31543.30754730041,155.6696661121053,131,1,-0.4106660833488066,-0.05466940796570444,TOWN
91151,103,0.0008220749429965,125140.48796699668,72.75013711285901,103,1,-0.7021109250650289,-0.5372568323974362,TOWN
91188,110,0.0239038458273709,4601.577470708909,235.49057077067175,110,1,-0.8851488767740618,0.8430181929821827,TOWN
91243,136,0.0191414034968971,7104.645977295634,177.7099979841327,136,1,-0.42412661927975326,0.6495078810145418,TOWN
91487,225,0.002826927383845,79563.57058011675,109.05226307464856,225,0,1.0730214793373325,0.1849674463011721,SUBURBAN
91515,242,0.0034072632492463,71003.9050104212,110.9057576595738,242,0,1.320924893123719,0.29363751034876034,SUBURBAN
91682,276,0.0007965069378323,346078.4940005564,37.18854577584073,276,0,2.0398186394854445,0.0070806734364911444,SUBURBAN
91847,149,0.0040970958669746,36358.34905687495,107.7389723671055,149,1,-0.09563095227641165,-0.07071660091781189,TOWN
91869,84,0.0005060311687395,165670.28849294272,73.55416134580582,84,1,-0.967967268973876,-0.6608313097090361,TOWN
92105,294,0.0037157312360004,79101.76478522271,67.4078273157508,294,0,2.1440866176774263,0.4490370655990669,SUBURBAN
92121,219,0.0041574747065085,52663.54022960299,78.25721019983921,219,0,0.9912525676657558,0.1745638213914939,SUBURBAN
92307,115,0.0060609718103426,18970.72497166549,129.4194977988892,115,1,-0.6421936823423693,-0.08654662330357621,TOWN
94871,61,0.0030979383774262,19684.160370643334,203.9261562962305,61,1,-1.5078419321301402,-0.30912334328781377,TOWN
95342,172,0.0237013167217302,7256.674611993136,170.48557663956367,172,1,0.10651615014046843,0.9847205814501555,TOWN
99001,121,0.0165025285700876,7331.765415264591,221.5959906550518,121,1,-0.6776726155153594,0.5556288301937485,TOWN
99224,94,0.0041776012213596,22495.566104633857,159.0408657964865,94,1,-0.9750048459056522,-0.20455711445055638,TOWN
99440,166,0.0048010994408018,34568.2137669938,167.16219688184205,166,1,0.1051667645037388,0.14651969080591812,TOWN
99450,62,0.0015542242005649,39865.63479238447,136.1103521891988,62,1,-1.4182821542277166,-0.5101999139514407,TOWN
99543,16,0.0002226813111575,71530.33893266901,414.68103185030606,16,1,-2.331717094091293,-0.2677335979650334,TOWN
99934,93,0.0080722720168818,11519.492939855108,194.87583171566143,93,1,-1.04144909620635,0.027967823771885805,TOWN
100055,92,0.0008403861139601,109343.37811564548,96.18166734492505,92,1,-0.895716189327824,-0.5302187322851754,TOWN
100115,250,0.0258518715571024,9670.105676571084,146.8989915726705,250,0,1.2939263174281734,1.372999451971701,SUBURBAN
100116,119,0.0093529895237249,12721.844481242526,161.19669621551986,119,1,-0.6252469686170568,0.1321147867723271,TOWN
100188,366,0.0117817010555672,31062.487138894736,84.29916358021534,366,0,3.158867495795653,1.1677939582076333,SUBURBAN
100217,252,0.0118632890001047,21240.21085441997,117.23923897605488,252,0,1.4092715754984055,0.7359826338671772,SUBURBAN
100890,146,0.0151326299337269,9647.38801195498,137.73538254248456,146,1,-0.22226441435251343,0.45005543764701783,TOWN
100906,165,0.0154715056244675,10664.077558264133,136.78771358178574,165,1,0.06373814283716074,0.5456498638092064,TOWN
101182,69,0.0011780593835919,58521.22544480615,87.9782059045695,69,1,-1.2607109825726905,-0.5981578442840042,TOWN
