tracking_id,num_points,bbox_area,point_density,avg_segment_distance,num_stops,street_length_total,intersection_count,street_density_km,avg_neighbor_degree,edge_density_km,circuity_avg
59,72,0.0018134390676605488,39681.68525649823,104.0938263415007,72,,,,,,
65,154,0.006207145440582454,24806.11987491575,103.03963168769458,154,,,,,,
78,237,0.046257169980108766,5123.419281435282,153.7827227560113,237,,,,,,
87,14,0.0020024027640971184,6988.110554149822,508.6022378300535,14,,,,,,
172,253,0.0008309761030661833,304095.27276996075,50.29053552445189,253,,,,,,
323,357,0.06331818994536263,5638.101187144861,131.5398635788331,357,,,,,,
438,171,0.0007832591653728623,218040.16777885027,79.50718942229888,171,,,,,,
712,158,0.00281630370184431,56081.9906979029,120.70706172056875,158,,,,,,
732,87,0.002617971086252896,33219.1525353858,113.99488240191094,87,,,,,,
750,97,0.0011849417608805826,81791.53749335532,111.54181328551385,97,,,,,,
764,63,0.0025688032256058406,24515.49572833442,158.8839797019868,63,,,,,,
811,123,0.0403281097629525,3049.9061527262224,278.2332010038925,123,,,,,,
932,221,0.024184008847984825,9137.892046643366,158.88891924791977,221,,,,,,
1108,175,0.011468063801582842,15258.438092902432,143.77608752929723,175,,,,,,
1128,152,0.002463548472334565,61674.58327813559,77.3420449916072,152,,,,,,
1231,20,0.008252264673736335,2423.2834872779868,637.9023288673147,20,,,,,,
1242,146,0.0009457613492693888,154209.9285238751,71.52567825145984,146,,,,,,
1245,137,0.0070453157303535605,19442.784746338042,129.32783405774947,137,,,,,,
1307,181,0.03901759571771628,4638.813793029909,202.51161440568296,181,,,,,,
1326,71,0.001031815945785585,68744.0974257961,108.78704753231727,71,,,,,,
1377,29,0.0033553645714994693,8640.300951289131,278.13507552241583,29,,,,,,
1432,214,0.001891200360344451,113095.8457068701,75.41973319267184,214,,,,,,
1458,230,0.0006744779563545611,340499.6385689188,42.31129398217831,230,,,,,,
1632,119,0.01903082889722744,6252.683367563058,184.54328690331317,119,,,,,,
1657,148,0.0148184421616445,9986.88063866883,138.76538490723746,148,,,,,,
1677,71,0.0004421224669840773,160226.58585386336,79.48983245967308,71,,,,,,
1689,123,0.03103536403017028,3963.093095584018,252.47917358789775,123,,,,,,
1735,303,0.05472760378602693,5536.410195747779,132.50882324294247,303,,,,,,
1756,112,0.0013629850306509466,82112.33809989048,79.82237817003461,112,,,,,,
1780,147,0.009221321092460247,15939.588149905187,141.79116053897917,147,,,,,,
1916,126,0.01476822957056833,8531.250692391495,178.98624852590575,126,,,,,,
1953,244,0.014521082159147354,16801.998317183887,129.42821998962702,244,,,,,,
1998,64,0.004060725334449107,15756.850778951142,332.86324592822206,64,,,,,,
2040,110,0.012631216914179661,8707.893535023533,190.872366518487,110,,,,,,
2064,187,0.006124137567701224,30529.926541744837,92.72419155846728,187,,,,,,
2068,128,0.0004024769769636347,317242.3888055863,48.96811610397077,128,,,,,,
2089,99,0.005904675523383116,16763.535281953147,194.29926991821435,99,,,,,,
2093,150,0.037049666805911485,4048.510133050218,270.47572231863825,150,,,,,,
2149,151,0.0385036597560137,3921.6032801436886,271.8343953869309,151,,,,,,
2167,143,0.003107208415268345,46007.21087348777,70.59964899481061,143,,,,,,
2190,165,0.01604036331129062,10285.908797032587,179.65840405624206,165,,,,,,
2262,136,0.019381474043582717,7016.648116963573,204.8478117114019,136,,,,,,
2272,110,0.007384314455288909,14894.423340528818,157.8865362373026,110,,,,,,
2304,205,0.016269125199211504,12599.780117852742,104.22120209725821,205,,,,,,
2305,115,0.005887037699679535,19531.124946135966,187.42720051265022,115,,,,,,
2310,152,0.01092573761292225,13910.830971198646,155.65808909041343,152,,,,,,
2321,110,0.00730177665444978,15062.763823260842,208.52434741902795,110,,,,,,
2345,199,0.010214919843475348,19479.401076849317,101.47710690981536,199,,,,,,
2352,141,0.018942472170749493,7443.197251753946,188.4319486651088,141,,,,,,
2353,256,0.004938648249156569,51825.55256717141,77.12047636185643,256,,,,,,
2387,206,0.037894295602383964,5436.030956492676,177.2143435175481,206,,,,,,
2446,173,0.006662639009184764,25961.79051139281,99.82122659575954,173,,,,,,
2464,121,0.0020147159320514692,60028.299660683726,91.28808667019918,121,,,,,,
2540,122,0.0077888825585684844,15661.3400886007,167.14106712212995,122,,,,,,
2581,90,0.017468456437819954,5151.848903847821,328.69923560928436,90,,,,,,
2680,149,0.03539987348891782,4208.935693257517,255.39310547618817,149,,,,,,
2731,291,0.020293300385994688,14339.001318854143,116.10178405317485,291,,,,,,
2756,258,0.03363184895021091,7671.071825700395,184.61855642462825,258,,,,,,
2821,150,0.006334041133473711,23677.825737770716,111.66079402258013,150,,,,,,
2864,51,0.003195038702789784,15957.253570015502,233.9512761207309,51,,,,,,
3104,231,0.047708432454847564,4841.809850046309,179.26962430407667,231,,,,,,
3263,163,0.012158546989586353,13405.104658882114,165.77110550301907,163,,,,,,
3580,80,0.0011244391839146496,71083.36118326141,79.88237978449166,80,,,,,,
3583,112,0.026756104529285653,4185.804180621113,241.26456651995076,112,,,,,,
3620,128,0.01780898080155953,7186.981357598751,212.18622450672743,128,,,,,,
3808,132,0.018308817625517435,7209.247120847261,216.81161931119553,132,,,,,,
3813,99,0.004125721874557918,23989.98600083887,154.27516953497673,99,,,,,,
3837,117,0.03884420924745241,3011.954428014137,319.9754767793529,117,,,,,,
3920,249,0.0354449830214086,7024.773437644807,143.91619737130472,249,,,,,,
3924,164,0.00048717044730552756,335948.2346897549,40.63375493369935,164,,,,,,
3984,65,0.00019581700717104638,330256.0125991089,77.39260937255781,65,,,,,,
4177,679,0.04026793338209716,16861.633596232055,124.95774757738954,679,,,,,,
4423,126,0.020045444969036964,6285.403730916638,225.6332575869611,126,,,,,,
4580,198,0.0319612246200268,6194.812856547467,181.60241317399885,198,,,,,,
4847,230,0.04565130173545411,5038.081131873781,161.96802685240195,230,,,,,,
4862,32,0.019272973901166147,1660.2699663334024,938.7110341534097,32,,,,,,
5054,91,0.00133158652790746,68288.2485258919,86.22195153081735,91,,,,,,
5077,428,0.003569209976195543,119880.90416353654,42.612916259675266,428,,,,,,
5096,92,0.016268441227850025,5654.773185603598,244.5378880222253,92,,,,,,
5113,170,0.010462141814263444,16247.50987970502,125.39493336046148,170,,,,,,
5139,15,0.00832382438602868,1801.839811200592,998.8393265598496,15,,,,,,
5144,133,0.008960678845580872,14840.969230400859,179.4618853190371,133,,,,,,
5513,13,0.06494875521349289,200.15471894033152,2741.329912685084,13,,,,,,
5646,113,0.012680018242380365,8910.956347523452,190.4207066219451,113,,,,,,
5651,83,0.0073354573626855935,11313.362280567648,245.08417942096372,83,,,,,,
5740,179,0.03763160520040807,4756.513641475424,201.28862459506584,179,,,,,,
5926,70,0.007842936049700119,8924.09111401108,286.85944094404664,70,,,,,,
6075,108,0.001589440468469147,67905.71677539975,79.96064450262936,108,,,,,,
6168,168,0.005572404542608364,30143.155537275186,78.66442684696294,168,,,,,,
6459,268,0.0012176102602842538,219922.6518390598,54.1344279777118,268,,,,,,
6599,116,0.00435972263404091,26601.095674940316,119.02270793784862,116,,,,,,
6624,261,0.00360038979903736,72472.02179274359,65.6691223096524,261,,,,,,
6665,171,0.0010510495072239084,162539.8793743325,58.341874846617245,171,,,,,,
6708,143,0.003169206190380638,45107.476111145435,117.02971379966615,143,,,,,,
6762,103,8.22880633808232e-05,1236671.8088887082,52.54266312449247,103,,,,,,
6777,22,0.001127815641431351,19489.45354097304,355.71797114544523,22,,,,,,
6779,14,0.03058159646370597,457.7766971687496,1961.8925596829931,14,,,,,,
6836,134,0.0001971058851291303,676405.9528703829,60.950301871314174,134,,,,,,
6902,180,0.0001023373623935481,1741867.5668776152,31.745015569861135,180,,,,,,
6909,179,0.00016823262929814017,1057715.6470496743,50.305516390941946,179,,,,,,
6931,195,0.0009207545600471186,211553.0624443365,52.91487240627148,195,,,,,,
6975,112,0.0001653820262044803,673149.6337372053,52.23298487797402,112,,,,,,
7032,162,0.0003980772458585748,405936.4488483255,56.850306654928524,162,,,,,,
7033,148,0.006016181808490252,24596.232041912343,104.3240165031901,148,,,,,,
7147,160,0.02076718620831204,7704.091170752469,253.42477454704758,160,,,,,,
7175,139,0.002139646673107651,64933.64913800037,64.56920065169794,139,,,,,,
7178,75,0.003688157949858059,20329.842478792656,150.5760161044296,75,,,,,,
7182,109,0.011794072626413219,9241.146998612927,241.7855000524298,109,,,,,,
7227,108,0.0001925275208952376,558060.1637452056,60.900813233497594,108,,,,,,
7261,156,0.0032453228136654637,48054.37073088195,77.25099461354839,156,,,,,,
7267,139,0.0006112558104923191,227029.2868077955,56.220818393249935,139,,,,,,
7272,103,0.00014421520898053427,709292.0963520212,58.39214844052933,103,,,,,,
7275,86,0.005590347855585099,15380.906754727504,134.88940171473985,86,,,,,,
7297,145,0.0005505877370902858,262877.4902881242,61.04928192590252,145,,,,,,
7312,164,0.0023273887721731138,70434.97287050427,79.82824805737067,164,,,,,,
7331,155,0.02102591810768629,7371.503479786725,229.26360151336576,155,,,,,,
7334,136,0.00024412795217939958,554812.287994259,58.882012222956014,136,,,,,,
7350,153,0.00025731548721727275,592298.9815601321,35.97027508516286,153,,,,,,
7381,109,0.002954802737009573,36876.615152700215,100.06454853103071,109,,,,,,
8068,24,0.0007471967192418166,32077.12541739069,354.50416544193047,24,,,,,,
8075,142,0.01716874843484518,8270.359961233782,157.81515796959937,142,,,,,,
8159,20,0.00941426535084533,2124.2099138718745,676.1479021341848,20,,,,,,
8223,119,0.004259889025751879,27928.443871875115,128.22885399647456,119,,,,,,
8447,119,0.008529508172169874,13949.930953495637,156.1901110243413,119,,,,,,
8680,124,0.008518404856979632,14555.007313499302,150.67866161539928,124,,,,,,
8839,126,0.005323851427667435,23662.63203989423,121.55189696209013,126,,,,,,
8853,35,0.000745434693705946,46889.56756046506,159.00488030269034,35,,,,,,
9062,145,0.03708123915581134,3910.2277343809305,224.38683732084553,145,,,,,,
9204,315,0.03174286471261661,9923.177371493874,124.87225058165092,315,,,,,,
9332,99,0.0023921412151077888,41368.223226869195,113.22488723181456,99,,,,,,
9423,102,0.003600979468224069,28317.762746796107,109.9991722623181,102,,,,,,
9627,82,0.0042489408850491265,19294.3860203957,160.6093100307694,82,,,,,,
9633,156,0.016566576867196727,9415.981664094465,150.28586587446003,156,,,,,,
9703,111,0.017353086752651268,6396.187917122287,230.14363431412306,111,,,,,,
9766,56,0.0027446355722640305,20396.006143605875,167.53366073123175,56,,,,,,
9772,55,0.005269604952681427,10435.234758396886,274.8829383351264,55,,,,,,
9858,201,0.017277326636630615,11633.070969608449,114.60964802664712,201,,,,,,
9893,114,0.018885265869630567,6036.132329541855,207.2647690373289,114,,,,,,
9942,173,0.008889709935563313,19458.513578087932,95.3348030048134,173,,,,,,
9962,224,0.02044480775291749,10955.791167900254,127.87900035218817,224,,,,,,
9977,150,0.00453954739157864,33035.66443953547,98.2022738505862,150,,,,,,
9999,126,0.0035728007359129357,35256.58236449297,93.94587310437755,126,,,,,,
10103,202,0.008016435885104459,25195.087668277396,108.45177918415789,202,,,,,,
10132,104,0.013771398437602288,7551.335409818853,222.51173407596445,104,,,,,,
10134,92,0.002421263524945451,37981.003739909684,121.33823015060027,92,,,,,,
10167,214,0.006302552646898243,33949.10965093659,80.1027304628787,214,,,,,,
10298,190,0.015809986066921914,12016.960814196025,110.09502598811501,190,,,,,,
10407,206,0.018353379515812333,11223.479378451917,150.0424172695806,206,,,,,,
10820,135,0.021557257268954053,6262.10172351978,205.99335747784394,135,,,,,,
10838,149,0.00014723040383389602,1005191.8914487096,38.85865552851379,149,,,,,,
10862,109,0.006763449545732871,16113.65407681384,180.1589748982419,109,,,,,,
11040,48,0.00020129050647777058,237282.51431944806,128.00631280129016,48,,,,,,
11296,92,0.011056732484701121,8319.969770229676,236.27917576861876,92,,,,,,
11398,190,0.001792774631834431,105921.89042482646,69.35907042158145,190,,,,,,
11723,96,0.0010734655405266484,89346.74624646007,69.28658253389652,96,,,,,,
11821,118,0.00017170199690535255,683257.8783942412,45.23849631014399,118,,,,,,
11831,224,0.01817652626067108,12322.908892429807,105.81418001271956,224,,,,,,
12026,161,0.002521186705194324,63833.497999346415,79.537263262376,161,,,,,,
12097,106,0.01256908807789087,8432.717363885466,184.13117189920214,106,,,,,,
12256,153,0.00022610562120132483,673695.3457632315,40.66698109704295,153,,,,,,
12281,104,0.011453796575680778,9079.166034322972,213.87946410632563,104,,,,,,
12290,45,0.0033132225647887464,13577.844915454061,339.3666119626851,45,,,,,,
12760,115,0.0024653897281017886,46626.856530296864,90.26695675664202,115,,,,,,
12871,172,0.006887066401631515,24970.72327282732,120.52625215219787,172,,,,,,
13202,177,0.011423683756648926,15492.770195673007,103.33693993563793,177,,,,,,
13505,122,0.0052826109643031565,23090.269292014444,154.00655280354832,122,,,,,,
13842,257,0.010281269270541573,24994.48256391205,80.92570048303045,257,,,,,,
13856,118,0.022581301689782556,5225.330952574667,207.76795062180298,118,,,,,,
14340,134,0.012030911357697677,11137.050134122754,157.3458715012093,134,,,,,,
14377,127,0.00029175745100680934,433806.2090759427,46.25030053523496,127,,,,,,
15189,107,0.0002502613670870829,425851.38033940416,55.32190671291543,107,,,,,,
15400,107,0.0029494332718962056,36265.86000748035,98.96316835887112,107,,,,,,
15562,102,0.0026144182869731803,38999.49790365825,100.53487503817654,102,,,,,,
16238,96,0.011548615952741832,8311.964691536778,228.1444010579813,96,,,,,,
16375,1168,0.003555108099246906,328448.9580750802,64.98359603384256,1168,,,,,,
16706,184,0.005166881672944802,35604.530375238195,83.6076058276607,184,,,,,,
16711,1028,0.0011364551575644517,903771.892160725,37.19631976870843,1028,,,,,,
16900,164,0.0018081275593954521,90651.42982775805,64.9702937790934,164,,,,,,
17410,96,0.0028070919194091945,34186.91508510085,108.72049981170527,96,,,,,,
17494,204,0.005524321007721327,36920.931782048756,71.67188110370527,204,,,,,,
17615,339,0.012696153011826843,26698.898539242327,58.842350794185755,339,,,,,,
17856,100,0.005020562413181701,19914.120700262138,148.30203859532674,100,,,,,,
18105,144,0.006772913869586112,21258.02051403976,98.54903842922596,144,,,,,,
18448,142,0.023411668037329202,6065.092614545037,207.85454765468901,142,,,,,,
18616,218,0.0007650563235676029,284574.3756604627,48.505577743520675,218,,,,,,
18836,60,0.0030248620784956866,19829.059766606784,174.45789023876665,60,,,,,,
18845,43,0.0006668780915099069,64383.007238323466,127.31649124073569,43,,,,,,
19054,101,0.013918148278390455,7256.191110256581,217.61754378485242,101,,,,,,
19297,205,0.0024940585180624098,82162.40160940075,85.39062510113635,205,,,,,,
19387,208,0.010111343034784101,20568.922482606507,119.34835862152738,208,,,,,,
19466,103,0.004942240253477206,20836.535292321078,125.17705327710765,103,,,,,,
19752,101,0.0002547120784171193,394975.4764233236,56.08469155670267,101,,,,,,
19961,124,0.0056583256750690905,21910.73762484718,114.49274846871623,124,,,,,,
20046,182,0.012314457713519827,14778.175869192553,132.4445432971996,182,,,,,,
20104,95,0.004526968728967344,20980.710266889553,140.88525247211834,95,,,,,,
20197,82,0.006751838701659275,12143.041411584634,227.18786218079944,82,,,,,,
20397,124,0.016807537268381512,7377.203502011803,205.54366491087632,124,,,,,,
20481,310,0.009835518633764142,31515.21504121548,100.28742989186436,310,,,,,,
20522,225,0.010690226871117281,21045.292809924864,97.5644439175932,225,,,,,,
20605,108,0.014503197106969554,7446.120540385091,207.8540626083999,108,,,,,,
20884,107,9.49139885924409e-05,1115582.8421927686,52.79778170639101,107,,,,,,
20892,161,0.02773233936492339,5805.287198974307,177.06863812608862,161,,,,,,
20920,154,0.006893836791490591,22335.55407577774,163.2935494275907,154,,,,,,
20939,150,0.004310439517974266,34791.164151707184,140.9602170370471,150,,,,,,
20944,90,0.000865102980461726,103913.74008668152,68.74413441361449,90,,,,,,
21002,205,0.00011675345523297026,1740925.5600561032,26.189955190842237,205,,,,,,
21105,87,0.00041558952277710785,208838.66550467352,84.65810684846286,87,,,,,,
21121,174,0.0067835537386386705,25646.491531057327,134.15148996182037,174,,,,,,
21178,190,0.03573988428600479,5316.04082539164,179.947769699387,190,,,,,,
21198,233,6.489305627091701e-05,3536032.674551149,21.91254191037521,233,,,,,,
21331,172,0.025418551226798175,6766.44518486509,175.31441107682232,172,,,,,,
21358,191,0.01013656795355189,18840.81082120683,148.48316422674523,191,,,,,,
21505,73,0.00011265067023167187,642319.1332808925,74.25834447339864,73,,,,,,
21527,19,0.006345511378595524,2993.7707295507407,700.0363789455157,19,,,,,,
21529,164,0.03149393015695052,5207.187289596429,186.3874366346112,164,,,,,,
21609,212,0.0009026632128679271,234600.67531927337,26.695457691715983,212,,,,,,
21642,119,0.007637221456004847,15579.543050096725,134.9068042075537,119,,,,,,
21701,167,0.020083983840126083,8314.66937336364,164.61872842646673,167,,,,,,
21785,31,0.020451062284760377,1515.7395654471138,633.3402265322887,31,,,,,,
21790,137,0.024040735024078316,5698.424005704727,187.81079727510928,137,,,,,,
21846,18,0.14153019550281254,127.18044199409239,6826.399106671769,18,,,,,,
21847,26,0.135613610387123,191.7197559007903,4681.579246925027,26,,,,,,
21915,164,0.01295731707715378,12655.964429913585,121.85901864401534,164,,,,,,
21928,122,0.002114840601551118,57660.298186244305,90.59064237273272,122,,,,,,
22051,111,0.05724661840804587,1938.9452886724716,422.477364687904,111,,,,,,
22068,172,0.03028335141247697,5679.500863575934,211.98255375539148,172,,,,,,
22097,111,0.05724661840804587,1938.9452886724716,422.477364687904,111,,,,,,
22617,157,0.02742762525842703,5723.947099819161,195.588573540153,157,,,,,,
23957,79,0.0023556481807586456,33522.1865720188,120.69553178803926,79,,,,,,
24031,53,0.0005045885695283268,104828.31929812953,101.4906696450522,53,,,,,,
24237,190,0.006504590162518681,29205.65164013349,108.63835540659288,190,,,,,,
24409,94,0.0036187863890879955,25968.38318508714,105.7875044861293,94,,,,,,
24434,111,0.00411180676562987,26988.868265733003,100.73006593318657,111,,,,,,
24468,182,0.008462345119043216,21504.49939592859,98.49193364545275,182,,,,,,
24574,124,0.0008797831992547613,140783.79345214297,86.34263204047687,124,,,,,,
25253,124,0.0030624553594701728,40477.168899058444,111.35242793518005,124,,,,,,
25489,224,0.003948246263174304,56719.68397836869,101.22109746405492,224,,,,,,
26042,95,0.00018261094335273243,517398.3547238621,55.419213747342035,95,,,,,,
26043,181,0.004183554316088255,43254.30770586814,98.2708165054593,181,,,,,,
26044,82,0.00033867614753157614,241406.41194824348,70.87453477363546,82,,,,,,
26045,98,0.0002608679663515125,374234.39516252984,71.17229066103762,98,,,,,,
26337,189,0.018048439975814023,10471.239010919848,115.7548202083917,189,,,,,,
26390,125,0.0057320068284393965,21803.56726245636,108.45606789572436,125,,,,,,
26429,158,0.0004587809271828615,343641.91870264575,52.67713422344917,158,,,,,,
26447,275,0.0036647813156410218,75018.11382655044,80.12477908159451,275,,,,,,
26476,153,0.00046510129176874663,328254.829372818,52.732088853203265,153,,,,,,
26504,162,0.0002921005428028469,552711.3612647547,63.10993829963434,162,,,,,,
26530,193,0.004022074067651315,47973.26540713532,76.80694440972688,193,,,,,,
26567,158,0.0002053844443547543,765561.5736640197,42.494938028519975,158,,,,,,
26569,152,0.000460270709858405,329524.4999333667,54.909772075735326,152,,,,,,
26747,151,0.0004597149453573581,327751.46871537965,55.20636944532111,151,,,,,,
26854,100,0.0054227854476486745,18437.30747929052,114.7092076118453,100,,,,,,
26857,194,0.00402197728705771,48222.99161969319,76.53486255096092,194,,,,,,
26942,165,0.0004640438347207783,354805.2628180079,51.42552505442251,165,,,,,,
26969,130,0.001285478245213176,101051.06750441655,70.03619052457394,130,,,,,,
26991,14,0.000139325652237355,99767.93107164456,486.5261671420785,14,,,,,,
26993,160,0.00046168383064735353,345808.4968652128,52.861636463870056,160,,,,,,
27109,191,0.0038266609166773997,49899.926915625925,89.73645817338455,191,,,,,,
27128,99,0.0003449277603052035,286186.9192361282,63.779553587233316,99,,,,,,
27183,117,0.006991372980250318,16732.51703398287,110.64157851580468,117,,,,,,
27195,138,0.00046049284479440696,299029.55496845976,57.5952293177381,138,,,,,,
27331,102,0.0004593736197485132,221559.17633968516,78.89169724456082,102,,,,,,
27399,182,0.0018470624197757658,98481.52208088455,78.8317480855518,182,,,,,,
27413,105,0.00033717076953043885,310494.0150380115,70.83076879681788,105,,,,,,
27418,115,0.0004608920355233769,248975.9319397914,72.80841116528451,115,,,,,,
27528,94,0.0009254980430188817,101457.31090128628,79.54896574975815,94,,,,,,
27588,165,0.004020473525962554,41029.73672082217,90.29576203293489,165,,,,,,
27650,134,0.0015328955433815622,87359.27330787414,106.9707147040434,134,,,,,,
27760,135,0.00046563286741568854,289306.66789002356,61.91643794957626,135,,,,,,
27880,87,0.00033870812775428345,256102.20330944963,74.89356030871396,87,,,,,,
28033,140,0.0010984536642776165,127335.97108158752,79.13867862069313,140,,,,,,
28069,183,0.002920993374061709,62628.478772222996,116.32063749052492,183,,,,,,
28182,263,0.018940192224240145,13885.081619277566,134.34645709919266,263,,,,,,
28235,159,0.0015319505575786204,103721.54484300474,99.73548809843702,159,,,,,,
28283,150,0.000517231401217184,289445.98811976844,69.97830300916027,150,,,,,,
28590,132,0.0026090526402074857,50573.69263997169,118.56678310659096,132,,,,,,
28901,150,0.0068620591339920356,21856.142730442934,99.7423188807814,150,,,,,,
29100,227,0.022812323455861216,9950.325757629978,119.48382429783562,227,,,,,,
29273,121,0.0004280474065882935,282020.11745548085,76.97473223470779,121,,,,,,
29364,177,0.0010661468807758266,165862.82843400078,79.04845797730117,177,,,,,,
29374,170,0.00017937744989386572,942468.1416664233,56.03921627480732,170,,,,,,
29377,258,0.0006152518652565492,418659.9904125128,48.44786797438332,258,,,,,,
29379,177,0.001067745089730477,165614.7959890389,77.84014779561357,177,,,,,,
29384,226,0.0015709777273297568,143767.94026458336,70.39542295767868,226,,,,,,
29430,99,0.00039040128747432437,252937.3386552652,81.06951228663361,99,,,,,,
29434,104,0.0004453782068503584,232986.28473335042,76.8130580325995,104,,,,,,
29446,98,0.0001174664985426477,827238.0901400592,52.83086078062509,98,,,,,,
29450,103,0.00010919013176308714,934747.9520348866,49.61010042408449,103,,,,,,
29457,139,0.0002703548747417914,512244.34472484,51.39135815383365,139,,,,,,
29497,157,0.006589114622037282,23823.56134975156,95.21469626567216,157,,,,,,
29600,224,0.004712524232268914,47522.82771063103,92.23059421009836,224,,,,,,
29799,103,0.000498555406438595,206183.3355669241,51.8751571400915,103,,,,,,
29803,160,0.0064404336747432055,24839.19078874604,95.14850135518103,160,,,,,,
29963,318,0.018340957756103875,17337.298680353535,106.17683084291978,318,,,,,,
30017,188,0.38237889022847404,491.65765461062557,461.0970765453451,188,,,,,,
30249,279,0.018688348666190444,14928.289101092047,128.14642368058628,279,,,,,,
30303,119,0.003737960492288898,31827.027925387672,100.25655391471238,119,,,,,,
30443,121,0.003764622150551564,32132.804397880627,100.72882079824475,121,,,,,,
30495,122,0.0037894270674313875,32186.346770332202,100.60113056159504,122,,,,,,
30537,115,0.0007102610858830231,161684.65038014657,79.62047068396804,115,,,,,,
30726,146,0.003817878112744698,38231.1233010438,87.64781086184759,146,,,,,,
30749,182,0.0028912797241809197,62926.14040004085,92.90698988682973,182,,,,,,
30795,106,0.0003456457172848197,305787.7097985481,55.183535064001255,106,,,,,,
30807,158,0.006311127875250763,25031.178569671025,94.09183138123916,158,,,,,,
30972,118,0.002915706703933045,40456.58750702716,106.88609276127075,118,,,,,,
31006,110,0.002072206217040431,53057.91536600183,143.76600464689332,110,,,,,,
31130,235,0.024446000087940213,9612.631372138223,118.48606299548008,235,,,,,,
31150,138,0.0001261816729642124,1085061.9966198413,48.636419219815735,138,,,,,,
31183,86,0.002208602456818469,38921.028411521795,194.60679929697093,86,,,,,,
31268,141,0.0007367797171375828,191113.95545956164,93.34967105811022,141,,,,,,
31286,102,0.0009395337131185934,108449.06309821842,79.75224189448564,102,,,,,,
31295,89,0.0011262857454398844,78950.70115099418,98.33256858210615,89,,,,,,
31368,225,0.0006604136675431104,340180.4514197383,53.67628124136472,225,,,,,,
31381,265,0.0055560704170115926,47686.99694514726,87.08547924113088,265,,,,,,
31413,119,0.002861558131843083,41571.2081708471,142.92652575777973,119,,,,,,
31449,112,0.002875899814600928,38930.796071373166,151.44596727105116,112,,,,,,
31484,124,0.002871413270527098,43169.27556084072,135.2408095718546,124,,,,,,
32181,341,0.020120488207211327,16947.05662366411,99.84955610359964,341,,,,,,
32353,252,0.020498069175551317,12293.241114604049,147.71248190942757,252,,,,,,
32372,117,0.0028599586782869233,40895.382686917,142.97292472817503,117,,,,,,
32671,72,0.0003971213427884883,180849.3850033349,96.17974402672431,72,,,,,,
33142,80,0.003257193445556378,24553.483805299038,141.2936299827876,80,,,,,,
33155,208,0.0049091256136989045,42361.441715400244,106.77639850969173,208,,,,,,
33283,101,0.0014761598826418954,68374.45369783658,117.39352646331488,101,,,,,,
33497,154,0.00291601917701757,52793.61932664881,208.46779225861778,154,,,,,,
33669,115,0.00790774850344341,14540.859397656895,140.29032506904468,115,,,,,,
33698,110,0.0027478126268588314,40017.27834235868,132.84441628935895,110,,,,,,
33764,146,0.009618739571996278,15177.126044556968,140.1555645789116,146,,,,,,
33840,126,0.0006431978744975999,195592.07657781467,66.76033235504381,126,,,,,,
33868,151,0.008954452419857846,16861.236364248016,131.94974328247793,151,,,,,,
33896,171,0.00032937054133663714,517600.6290032875,65.17718758757619,171,,,,,,
33909,223,0.003839499768191853,58065.35957818601,93.65347563175493,223,,,,,,
33918,99,0.0005737276698198222,172255.49629624863,110.872105671917,99,,,,,,
33941,77,0.006866609741028454,11212.052359351002,269.4044998726092,77,,,,,,
33953,164,0.0024527741284313628,66835.81756762638,98.29707928631925,164,,,,,,
33965,78,0.0074117871658727985,10522.357954521969,271.67596466006825,78,,,,,,
33982,118,0.003232180526839615,36496.57017925417,123.00938008127488,118,,,,,,
34001,156,0.0044923687669453935,34717.82711171718,148.90871368496695,156,,,,,,
34016,94,0.005307810705005778,17706.413964123003,148.7625378944332,94,,,,,,
34066,110,0.007170259458821242,15339.007134191876,129.40185321944702,110,,,,,,
34096,122,0.0036964106313820593,32996.06458761046,114.81688497132957,122,,,,,,
34098,99,0.0005098135669847885,193808.4780801214,90.52148939454898,99,,,,,,
34140,98,0.005663554863177199,17300.565069473552,175.36367142981754,98,,,,,,
34223,74,0.0006346022126893807,116425.01948960939,75.85018859359805,74,,,,,,
34242,104,0.002669721463606974,38940.78862853095,135.56546095906117,104,,,,,,
34254,171,0.008711224667503245,19627.593011671644,114.36040556685225,171,,,,,,
34289,106,0.00502500984033667,21090.288990142435,196.56280759821425,106,,,,,,
34308,76,0.0010487239330118656,72399.98785389314,87.39963599329509,76,,,,,,
34313,175,0.022226769040848315,7873.034836667584,149.9710410436238,175,,,,,,
34362,182,0.0024331969230388145,74767.98539897666,66.01840497795554,182,,,,,,
34429,19,0.0033757123363973214,5626.774835155624,974.8169824249175,19,,,,,,
34440,117,0.003037141904719293,38510.380248617825,134.09244316618023,117,,,,,,
34449,62,0.00031808585560394237,194305.07153835113,84.3897261810141,62,,,,,,
34457,192,0.021798973499416816,8807.350155959422,140.6561086963946,192,,,,,,
34459,87,0.005576503464303178,15598.376685341833,177.09247666773274,87,,,,,,
34473,135,0.0014349940775669908,94011.52978898835,61.924627033109495,135,,,,,,
34488,148,0.002658952112514095,55640.099422735664,76.67776747829168,148,,,,,,
34514,154,0.023681665156605965,6502.646513035875,178.83889349165972,154,,,,,,
34532,41,0.0009818180903644106,41716.773838379355,150.08920111076992,41,,,,,,
34563,68,0.00036958942715683494,183491.4733582567,82.84628291021212,68,,,,,,
34579,42,0.0010927318465765478,38400.63735134233,134.61480515745149,42,,,,,,
35404,109,0.0003197185645671333,339861.83539800654,54.607751302147335,109,,,,,,
35407,136,0.00015792335203655838,855758.4411428401,45.16550292401572,136,,,,,,
35433,204,0.0011139894695727031,182961.36920304623,63.5004039722115,204,,,,,,
35479,165,0.0010301303555160352,160018.56517687795,101.2179750957214,165,,,,,,
35486,111,0.0005981034984843923,185276.83493888282,66.64830481110576,111,,,,,,
35488,109,0.00019680274478009092,551054.0317384462,64.51405506065117,109,,,,,,
35514,131,8.417158174687745e-05,1538071.7055287363,42.35824939026755,131,,,,,,
35542,240,0.003437451061099942,69798.87040277527,114.43211606411477,240,,,,,,
35606,193,0.0006223708307236048,309607.0436532406,55.616113614313,193,,,,,,
35635,179,0.0010865761402967923,164586.17780190738,76.14335080748613,179,,,,,,
35638,153,0.001027857578079675,148708.62912393466,99.14830554733645,153,,,,,,
35651,188,0.0011446258912290674,164102.436440492,82.54052192509862,188,,,,,,
36442,64,0.0010903343191142592,58643.80774897945,201.27848453559554,64,,,,,,
36602,86,0.0011541896611418504,74446.64966529659,160.22026113578744,86,,,,,,
36840,80,0.0035980499010876375,22228.088578550658,142.6126572843495,80,,,,,,
36863,176,0.01615642870883004,10892.822315460127,123.61799091266015,176,,,,,,
36889,153,0.001616054792189413,94616.45996104158,62.9292279572251,153,,,,,,
36937,167,0.011159275983825044,14963.78765561341,122.1768380897799,167,,,,,,
36998,193,0.013386743077547444,14416.171484772509,149.8017263247663,193,,,,,,
37105,138,0.003366691669110707,40977.623119648924,115.95051796937906,138,,,,,,
37109,66,0.0004677345620852851,140804.63729062816,106.92265338258255,66,,,,,,
37345,143,0.0008854694683880904,161314.07239554872,66.26769788274285,143,,,,,,
37715,102,0.00015023689185135412,674438.6158124204,58.75797431595771,102,,,,,,
38376,407,0.0008766698533025296,463727.90231830894,35.74140835733344,407,,,,,,
38386,129,0.00014186701246285665,902937.6185320466,44.45990197088587,129,,,,,,
38404,218,0.00023611215020096112,919396.1583800624,39.211843843445486,218,,,,,,
38417,174,0.001049322760472393,165663.3622999294,66.98013359032387,174,,,,,,
38439,135,0.0007520487310127944,179271.2668387809,84.60204557243095,135,,,,,,
38462,91,0.00017748573368480802,509844.6700546888,71.94349820391749,91,,,,,,
38466,375,0.00018406029616375386,2026366.5830739548,23.59112221758771,375,,,,,,
38475,172,6.871489697031269e-05,2467191.4823777806,29.570894019443617,172,,,,,,
38844,14,0.008622537052470403,1623.4637730221605,1058.2146061560115,14,,,,,,
38847,274,0.0038943080202699224,70341.03556745517,62.44188000221995,274,,,,,,
39505,353,0.007046204469740782,50090.78444022845,67.0212699783559,353,,,,,,
39544,97,0.012183923755506037,7960.657115820551,178.1493507674819,97,,,,,,
40775,148,0.012260057583829113,12070.736882860296,132.9965270340072,148,,,,,,
40794,287,0.0030908784155704817,92823.83115541938,77.59003174641747,287,,,,,,
40854,153,0.00013959019185916973,1088269.3733945629,37.80075261824711,153,,,,,,
40868,149,0.00079777371506635,186535.9327549021,78.08896483708075,149,,,,,,
40886,187,0.0013482116787446985,138599.45251436313,73.29148004914293,187,,,,,,
40898,143,0.00019605709714768087,725677.9992695784,66.36204960500041,143,,,,,,
40921,144,0.0007555187712820015,190345.57431532952,80.89329055664419,144,,,,,,
40930,170,0.00017804882732395274,949461.6778049001,39.785123731102324,170,,,,,,
40941,103,0.00013914334104945012,734961.7843323434,67.53699015682923,103,,,,,,
40947,90,7.124319424359217e-05,1245792.0907613083,57.08631396950433,90,,,,,,
40952,135,0.00018407499760555125,729434.0226750906,67.86706341478951,135,,,,,,
40953,102,0.007162070813281507,14239.702867501364,143.35558828515838,102,,,,,,
41477,102,0.0071548373370041605,14254.097067374505,143.86257731817156,102,,,,,,
42159,172,0.011820493322396234,14549.769247353883,125.78963188972094,172,,,,,,
42180,173,0.00630991532104967,27412.822260975227,135.1650880907725,173,,,,,,
42248,323,0.002591235343444193,124602.88407720094,92.85581974806087,323,,,,,,
42478,304,0.004522400440275423,67206.07737781665,98.93668649438752,304,,,,,,
42925,171,0.006031425712647729,28346.80577026871,95.00320053982006,171,,,,,,
43084,120,0.0005150339097662669,232542.85760862683,77.56487866920324,120,,,,,,
43185,236,0.008389309721197112,28127.68632411439,110.99740137969744,236,,,,,,
43567,170,0.0015777341603494105,107681.20705158814,61.15867303917303,170,,,,,,
43727,174,0.0013377773960645107,129969.32911437922,61.00603648553534,174,,,,,,
43894,240,0.008379088940353179,28639.314177718647,120.02232075402819,240,,,,,,
44276,132,0.0023497764043914574,56151.66110796942,76.64516228582187,132,,,,,,
44371,352,0.0018025216841638153,195173.6999287598,64.13448252195865,352,,,,,,
44382,401,0.002374491026291074,168807.20472604493,49.80160730287844,401,,,,,,
44872,210,0.001460584589928823,143679.67577588288,69.83578662908906,210,,,,,,
44956,196,0.0004115988097414541,475037.7252004654,47.312995869863066,196,,,,,,
44964,123,0.0018798933706499583,65394.45665518845,82.12592581655004,123,,,,,,
45011,75,0.0004909762250514159,152446.39106729563,71.86442866927004,75,,,,,,
45211,183,0.002010172654154024,90991.69065471247,62.25001343147749,183,,,,,,
45264,200,0.00838308388720829,23854.723150509348,109.32719552567237,200,,,,,,
45338,166,0.0008317026409838667,199350.87488598007,70.28073537914904,166,,,,,,
45368,78,0.000189353034642725,409764.94094984495,85.67170737487655,78,,,,,,
45839,147,0.0005775181939672725,254097.45368927147,66.8404558526442,147,,,,,,
46192,79,0.0009733494159917377,81079.74275285029,75.28762819830104,79,,,,,,
46266,168,0.00838321412283836,20037.656187998924,143.23065522930807,168,,,,,,
46295,432,0.0014721090742712982,293257.30697416083,60.78298217917028,432,,,,,,
46837,177,0.00021490377001828,819809.677177077,42.251684122362114,177,,,,,,
47449,117,0.0005785158470468999,201892.66712240787,69.62977361526232,117,,,,,,
48100,130,0.0001324063648690039,974466.2492501858,57.14243876793524,130,,,,,,
48657,118,0.0011356821933801245,103810.89867265911,73.31058702307686,118,,,,,,
49767,184,0.007868917330131888,23380.16935648248,105.64057920993851,184,,,,,,
50695,121,0.0017414362293798,69443.00052982057,85.29477531690924,121,,,,,,
51002,43,0.001607386410942451,26734.869001289124,173.68418439532542,43,,,,,,
51016,131,0.00011728210641928633,1107521.703541796,47.791553831302835,131,,,,,,
51158,98,0.0004358847373075822,224315.4581319341,70.14065859203576,98,,,,,,
51445,112,0.0018204358532467526,61489.9502501597,122.32284186782628,112,,,,,,
51681,190,0.00039895097984808263,475058.2185651091,43.850514953726524,190,,,,,,
51880,178,0.0036887094068038155,48242.281538965755,78.86070947720395,178,,,,,,
51967,117,0.0013818085272579213,84610.41257245385,100.64514872078774,117,,,,,,
52078,259,0.0019124931020547027,135354.55117234896,55.6518963417982,259,,,,,,
52137,139,0.002654141100752383,52351.26674081908,91.89208721862362,139,,,,,,
52154,157,0.0018800010685138349,83466.1939474838,86.0211553561452,157,,,,,,
52191,135,0.001852418140281263,72838.39359612249,81.68361262597345,135,,,,,,
52215,70,0.0037371898644359943,18725.64062782332,187.75401628741884,70,,,,,,
52392,87,0.0020376713287733115,42674.853357725275,123.31606235787343,87,,,,,,
53099,634,0.0010521786441409645,601987.1400992264,16.636827546948577,634,,,,,,
53164,89,0.0008514178428074539,104408.88908059087,66.1811040067933,89,,,,,,
53671,184,0.0009822430041196311,187135.83440621433,38.53748990938092,184,,,,,,
53827,125,0.001518317693314929,82273.77364853054,82.96433213424811,125,,,,,,
53893,77,0.0019020058301527443,40462.30378275805,125.17686161022127,77,,,,,,
54210,87,0.000406723400483663,213379.9529210146,64.58494295548384,87,,,,,,
54278,161,0.00915830959772133,17577.744073642174,165.37668837388395,161,,,,,,
54504,150,0.0015742322963339848,95224.05066801437,63.05617319399376,150,,,,,,
54872,86,0.0017904377320814796,48006.13410105871,123.86866923186189,86,,,,,,
54945,381,0.0008639087859770724,440508.87929134734,24.707457976820315,381,,,,,,
55159,64,0.0013455619461963597,47528.44841693405,117.09639228413047,64,,,,,,
55217,81,0.0017723154676302533,45677.151910394874,94.93384167556212,81,,,,,,
55412,72,0.000516282201385633,139189.0148300775,92.61025709015743,72,,,,,,
57063,61,0.0020381017551180385,29915.1328995197,142.42727813610844,61,,,,,,
59109,46,0.0008155512798082157,56334.490114085755,113.32557600050528,46,,,,,,
59769,78,0.0010669394384888694,73037.84951548351,123.9528378110355,78,,,,,,
59810,87,0.0003639648342944091,238379.13087763137,63.221700727180654,87,,,,,,
60278,62,0.00038086097439664443,162362.75544512624,108.71261927989188,62,,,,,,
60429,67,0.00025135095004050943,265503.26039685844,83.11728563844109,67,,,,,,
60495,148,0.008291454048556423,17847.55141643074,288.22308541948536,148,,,,,,
60583,82,0.0005495488519886721,148942.2776994315,102.45648490964533,82,,,,,,
60811,108,0.008294511574354112,13019.088579646625,160.1073475809592,108,,,,,,
60986,165,0.008166150785842806,20202.88400772717,128.60678450287278,165,,,,,,
61260,29,0.00960103350906873,3020.193584266362,477.93858282611166,29,,,,,,
61349,99,0.0016743555575608852,59091.93397975294,88.71918720455012,99,,,,,,
61370,90,0.00043635846941766373,205780.85550700242,82.76586747665336,90,,,,,,
61700,104,0.016479642033094793,6310.433767759623,258.3197219292047,104,,,,,,
62247,143,0.0006816203984440527,209486.8543716984,76.67467247603622,143,,,,,,
62304,27,0.00761902483901839,3543.295536485172,461.8419646811447,27,,,,,,
62443,160,0.005542404309934189,28863.130137065447,91.40944962042363,160,,,,,,
62476,140,0.0009123596087112279,153280.26186481284,88.1359374277054,140,,,,,,
62586,76,0.0014503535033306145,52364.91304536949,121.55053875484312,76,,,,,,
62641,236,0.010453505355688694,22573.999627020465,107.0087153162389,236,,,,,,
62686,234,0.008750812875138283,26737.317552199456,94.77177302160824,234,,,,,,
62718,146,0.005832043161589889,25029.81650494171,90.6317009817007,146,,,,,,
62731,247,0.00875567883295685,28207.041129610097,90.84922649791157,247,,,,,,
62734,138,0.0011288228322818856,122143.04407469228,126.51524892147032,138,,,,,,
62750,290,0.007499264832818764,38665.301354567186,85.8915750748909,290,,,,,,
62767,159,0.004606466414086908,34509.204345770595,87.15025987317958,159,,,,,,
62831,269,0.008755406372465737,30720.365017076256,82.7541941132812,269,,,,,,
62996,223,0.00011235540758232872,1967263.8893564711,29.933889804881318,223,,,,,,
63304,263,0.00040661426916584914,645217.8441598942,37.190877129361176,263,,,,,,
63323,181,0.0055824948863768984,32416.972466764448,83.93108288910929,181,,,,,,
63335,228,0.0004096372409995649,555234.5896465868,39.719821897990144,228,,,,,,
63352,158,0.0018375311049026587,85938.17073786486,95.99905454028205,158,,,,,,
63371,183,0.0018124931430120888,100910.22439492076,62.5471428229741,183,,,,,,
63390,236,0.0004058510334002605,580064.8901580223,37.60223363934138,236,,,,,,
63444,176,0.0025837058455188055,68092.85486204835,77.9170059535758,176,,,,,,
63452,320,0.0015093691465431617,211868.73469469103,43.6705638515068,320,,,,,,
63540,132,0.0003461016310452863,380292.0764229367,64.0289842798194,132,,,,,,
63569,177,0.001812952594542044,97576.97115821595,63.19915035712759,177,,,,,,
63573,77,0.001070344286300463,71872.3205832313,76.13978691041139,77,,,,,,
63729,205,0.0017892697228527508,114507.88525504277,56.18638365468079,205,,,,,,
63774,87,0.0011849856907463008,73356.70293395685,78.60954716144444,87,,,,,,
63863,218,0.0008026503725263427,271262.2397158837,64.4536444144185,218,,,,,,
64005,127,0.00011471404295050238,1097533.1667767004,43.166601400334905,127,,,,,,
64088,100,0.0014456696444695501,69124.28167846639,87.64799888776027,100,,,,,,
64164,173,0.0013882749907919724,124525.38276916606,53.810100691119686,173,,,,,,
64191,146,0.0017936470474784517,81353.04387853625,65.82477687394277,146,,,,,,
64256,80,0.0008036288583358978,99424.7213124482,78.02360101766804,80,,,,,,
64278,122,0.0005044413770510701,241373.19487334543,100.70013868856813,122,,,,,,
64353,75,0.001838816846168046,40764.927311220854,107.50128766043835,75,,,,,,
64398,82,0.0018099862863881547,45279.19433533726,110.62165848897672,82,,,,,,
64684,101,0.0017300846569436592,58344.922413166074,107.01257567481142,101,,,,,,
64853,134,0.0003739380431431254,357392.38108960865,67.7617880042244,134,,,,,,
64958,90,0.00048346324151995855,185772.60829455985,74.34468992336235,90,,,,,,
64975,164,0.001426470018291771,114888.5776222859,73.28048913251517,164,,,,,,
65020,92,0.0008071944291994833,113833.9942421108,72.82157616106103,92,,,,,,
65240,20,0.002680637591715941,7458.129339245385,694.2536438619796,20,,,,,,
65270,161,0.0009169523920128027,175390.3594575028,54.685502427108005,161,,,,,,
65333,130,0.006490589807173825,20025.911042059008,101.62003368222234,130,,,,,,
65514,140,0.0034502076589989976,40565.51034677704,100.24891503076974,140,,,,,,
65597,159,0.0010190254863668244,155878.4580631743,59.31112063466061,159,,,,,,
65724,79,0.0004657789070138588,169245.00831751266,73.33513675747727,79,,,,,,
65732,97,0.000515264753337848,187888.0930237017,58.96188559035337,97,,,,,,
65843,373,0.00221670564910153,168191.8428404217,42.41170565794745,373,,,,,,
65892,143,0.0003354465713403536,425030.33819102106,43.20251964936069,143,,,,,,
65931,154,0.0065615663323008565,23466.42947317945,94.5488350351213,154,,,,,,
65953,113,0.0017020204282550693,66352.69790379489,97.2593446346405,113,,,,,,
66020,91,0.0007932391961666315,114575.05552383767,85.87300669540389,91,,,,,,
66043,135,0.0011279396252693553,119581.23975654604,65.4295471098587,135,,,,,,
66160,111,8.605176198263067e-05,1275103.426650315,53.05951781351778,111,,,,,,
66267,210,0.0002329202628652949,897741.809228944,41.78081115318747,210,,,,,,
66272,205,6.892824593428983e-05,2931576.46471834,25.733246151529382,205,,,,,,
66330,92,0.0019002447146894152,48389.35213820121,94.66377919839991,92,,,,,,
66362,80,0.0006629266986261816,120495.22961727335,84.48956124990328,80,,,,,,
66494,110,0.001339079639130197,82084.67376714827,106.82998476900829,110,,,,,,
66601,114,0.002259733343043374,50426.115203190864,94.36754094721752,114,,,,,,
66633,217,0.001995904823935712,108668.17356488395,74.4507058123242,217,,,,,,
66643,143,0.002516712389544376,56797.591573149606,80.99394337850524,143,,,,,,
66652,167,0.0044720546441365866,37334.6657454562,74.4349279146838,167,,,,,,
66812,208,0.0033368805156076143,62314.992710916886,75.5002531568657,208,,,,,,
66909,146,0.0010029319183705871,145428.1882350773,73.68899225631768,146,,,,,,
66969,198,0.0042313033940783356,46783.03551608172,79.80859392579677,198,,,,,,
66993,101,0.0011256197165270087,89648.70623012811,85.30980652679038,101,,,,,,
67356,217,0.0049601946671769745,43739.46489857807,90.69710859565897,217,,,,,,
67458,89,0.0034596880278190568,25717.42939108217,158.9708827402801,89,,,,,,
67462,109,0.00033360999543025305,325752.3728776961,59.66626501120763,109,,,,,,
67486,246,0.001484538839371276,165596.47818034465,71.33560033351333,246,,,,,,
67569,89,0.0002782829231058226,318673.2615451649,209.21960808022277,89,,,,,,
67740,59,0.0006655468322486823,88515.9108789938,93.24414611322418,59,,,,,,
67763,359,0.0007896976954501806,454029.3996880878,34.361682957720824,359,,,,,,
67789,170,0.004048924936386524,41976.086636232714,82.57610140636011,170,,,,,,
68012,283,0.003107235300167438,91048.44796813003,55.81359012580417,283,,,,,,
68014,166,0.005145938032024427,32252.185467775646,105.87091074824222,166,,,,,,
68043,163,0.004043332068346758,40303.31764192427,87.31078836036613,163,,,,,,
68151,135,0.003438520829301411,39249.65328016908,86.4708370406153,135,,,,,,
68223,80,5.224943501194465e-05,1502363.35807234,69.42695102843356,80,,,,,,
68276,123,0.0005447778798019305,225366.4073828683,62.389873384617374,123,,,,,,
68337,96,0.004525429025420836,21208.771740560893,133.95012112326472,96,,,,,,
68407,121,0.0001224613376807497,980063.8991364706,46.56099809441953,121,,,,,,
68489,85,0.000823252989996051,103123.67808384563,72.61186614773125,85,,,,,,
68680,219,0.010006373603516843,21883.863706561122,108.12564998721086,219,,,,,,
68959,80,0.002411967533858692,33154.19659711217,100.19429815613148,80,,,,,,
69074,19,0.000394056014830669,48094.44556398889,297.84448320918824,19,,,,,,
69111,43,0.002065809093447953,20805.01781045741,204.38870546581123,43,,,,,,
69195,181,0.0021080570444277874,85820.3434934153,80.60508753899695,181,,,,,,
69344,247,0.045565164547194226,5420.688847843991,176.82693460100353,247,,,,,,
69362,137,0.0028594467141552864,47894.61706174703,89.72511037326203,137,,,,,,
69499,180,0.0042879244055118015,41968.56437214832,85.42553629913826,180,,,,,,
69596,111,0.0039117991209211824,28368.43818699987,115.51046647096057,111,,,,,,
69642,108,0.0007329564070133566,147147.70382545976,86.27891825156168,108,,,,,,
69701,223,0.00899127631578616,24799.060012037004,111.8123374198872,223,,,,,,
69770,149,0.00104185511687698,142876.98989885356,67.39789710135871,149,,,,,,
69797,104,0.0005230479239748025,198455.13213978606,63.81819321411535,104,,,,,,
69804,139,0.0038904511381952834,35719.32296301766,104.73393901617173,139,,,,,,
69876,76,0.00125903520030528,60315.77529071156,94.62705672917397,76,,,,,,
69916,216,0.00023644069523132277,909700.8404122364,45.24015149376989,216,,,,,,
69952,166,0.0004991737446926587,331884.6735987749,50.20470005608689,166,,,,,,
69986,117,6.728877617858413e-05,1713312.2973829494,43.627738419597534,117,,,,,,
69987,161,0.000787436230964111,204201.67627650357,62.42960762281348,161,,,,,,
69999,100,0.00023269367109341333,427910.6042201179,63.94162935454958,100,,,,,,
70030,154,0.004540171078756757,33911.95736280448,94.28601398747182,154,,,,,,
70116,141,0.000769804774167219,182925.69626639516,85.94762699142916,141,,,,,,
70128,202,0.0059031802389046045,34213.04767577299,79.54574830700612,202,,,,,,
70268,118,0.0017131021894864265,68840.70315280023,86.43629563181183,118,,,,,,
70275,145,0.005809892899922242,24953.135860056944,98.8974978531618,145,,,,,,
70299,43,0.0011280895587522071,38083.781456203236,122.80056539022037,43,,,,,,
70314,88,0.0012193706149570434,72109.24199702856,97.70430100125846,88,,,,,,
70553,157,0.0003716336505907431,421325.34125971975,49.524564838080444,157,,,,,,
70558,58,0.0007620674920282303,76009.0039294378,99.1713487900381,58,,,,,,
70567,228,0.0003046015435281241,746069.5301724399,26.441249881775832,228,,,,,,
70669,156,0.0021805066220077804,71510.211532809,85.146063504262,156,,,,,,
70851,322,0.016071923468739018,20033.692105003352,94.38357455226381,322,,,,,,
70864,130,0.005368988670595266,24208.617182350485,96.25842537794057,130,,,,,,
70881,213,0.005576097913861512,38191.90612927961,87.43532792721211,213,,,,,,
71092,60,0.0005617446817893356,106620.28792386012,89.06265513900583,60,,,,,,
71224,213,0.0034733351798558114,61306.69292789411,74.60405380299817,213,,,,,,
71283,84,0.00030769750638416133,272111.04159508646,59.13113675954412,84,,,,,,
71349,158,0.004319292152854398,36571.60081074843,74.3948498836155,158,,,,,,
71385,108,0.0013170064278392602,81941.93724612953,74.35068255006776,108,,,,,,
71396,144,0.004163407919937712,34578.74511057837,117.17665317560277,144,,,,,,
71426,41,0.001994437956732951,20546.86785006717,191.58831765948622,41,,,,,,
71528,157,0.0039008338021603193,40237.4903598083,83.86462770002088,157,,,,,,
71536,185,0.0041880664015346925,44162.584754499,95.82402867764402,185,,,,,,
71621,135,0.003180543548783066,42432.23389214245,193.8714452589139,135,,,,,,
71736,142,0.004215278845878295,33678.98689594851,97.0449907972806,142,,,,,,
71774,128,0.0034492767289547046,37098.473558895916,79.74460292823545,128,,,,,,
71940,207,0.00660499003531483,31335.19713069545,103.74764672930573,207,,,,,,
71986,200,0.00029998243468159493,664490.6046147748,28.367522894006278,200,,,,,,
72170,173,0.001464106425172832,118080.15924822116,90.16637064017915,173,,,,,,
72210,147,0.0010112400603355103,145222.46822683187,61.30964482322752,147,,,,,,
72279,115,0.0007733565122943441,148510.40596180435,54.07148104716419,115,,,,,,
72355,164,0.005595559896209089,29303.71568275143,106.19080894678513,164,,,,,,
72407,444,0.003626147609997183,122410.23739321841,46.784386542398444,444,,,,,,
72421,328,0.00040843470118830994,801104.5449934739,33.382479215034984,328,,,,,,
72474,177,0.00035000816420931413,504261.7752174302,37.437963306662134,177,,,,,,
72521,78,0.0005513277660168944,141220.49406006894,67.48077322403134,78,,,,,,
72642,56,0.0007320483151036098,76393.32748767713,133.78351103185315,56,,,,,,
72661,108,0.002344116192819442,46053.15520428683,80.46856968778567,108,,,,,,
72677,132,0.0028438415527309705,46399.77220287843,128.48339297245104,132,,,,,,
72736,173,0.004257911780745454,40620.70521914383,101.08545337068486,173,,,,,,
72757,183,0.004140088390046201,44191.280833287965,89.45697957684962,183,,,,,,
72813,204,0.00399717230722791,51023.31373543058,99.17256761840869,204,,,,,,
72845,144,0.00031297899845815887,458629.4010336158,53.56538041940101,144,,,,,,
72940,78,0.002180437195733308,35756.2437060122,98.3322524980531,78,,,,,,
73014,135,0.003803255811230816,35486.57259100632,92.19264774244698,135,,,,,,
73038,151,0.0009525213920015191,158360.3695382635,123.15935251883842,151,,,,,,
73041,72,0.0010654287385449923,67515.0597481412,89.80469427294415,72,,,,,,
73049,137,0.00039093129837312646,349551.05797540373,57.55377330788761,137,,,,,,
73105,130,0.004261931121486515,30495.449327050832,129.26972290726943,130,,,,,,
73115,223,0.0016784368461549562,132782.60537784136,71.9290767145751,223,,,,,,
73121,238,8.486842001683052e-05,2771682.5342000136,32.13986119455563,238,,,,,,
73141,62,0.0010098286751561549,61335.81439052678,90.38494046601325,62,,,,,,
73206,184,0.0065173112154517585,28228.170444489537,99.57464172377892,184,,,,,,
73209,56,0.0017688810766496887,31640.543954515677,125.06912811631608,56,,,,,,
73303,137,0.005839730697318125,23455.969312693356,113.39133855214239,137,,,,,,
73318,147,0.0012823368596870117,114545.13979739606,74.19546366262183,147,,,,,,
73331,17,0.00019358692758409502,87364.55326708972,439.37686336542936,17,,,,,,
73381,140,0.004262426252882521,32837.43911492438,158.98661257783453,140,,,,,,
73389,126,0.002076086203437598,60661.90213553427,80.48128686306072,126,,,,,,
73422,46,0.00012823810503440161,355932.17641000974,113.55469438370673,46,,,,,,
73471,121,0.001829387482752022,66106.22130024307,81.26583467084247,121,,,,,,
73484,164,0.005598830510176956,29286.600675136782,80.05718285572831,164,,,,,,
73534,84,0.0008569452090314099,97908.35022534021,74.89800001071879,84,,,,,,
73817,29,0.0033712322815381943,8599.644858026231,431.6283518489399,29,,,,,,
73818,114,5.839961611030702e-05,1919204.3226053566,49.21902046148262,114,,,,,,
73957,99,0.0024566239043884047,40282.81130535177,109.47126020171744,99,,,,,,
73994,132,0.00016023878236023624,818661.6027965804,45.40235575936446,132,,,,,,
74179,223,0.0009580676215376891,232517.49406622694,48.21367731317681,223,,,,,,
74214,165,0.004163800709583014,39617.74200151825,90.85162704444487,165,,,,,,
74343,201,0.00015976149809094543,1250299.3713475536,29.23904918695871,201,,,,,,
74345,203,0.006184068299229096,32820.979523427704,101.22739058222146,203,,,,,,
74352,65,0.001255402539499793,51735.011635584735,107.57264716384896,65,,,,,,
74370,57,0.0005826554881708045,97660.35127784006,97.73814992931003,57,,,,,,
74581,92,0.0008900791851467733,103245.59425641426,96.06559959678702,92,,,,,,
74609,253,0.0008521037170453564,296564.1749589856,36.57791506369179,253,,,,,,
74626,115,0.0025918130935604295,44353.37058641699,98.76924427605489,115,,,,,,
74639,45,0.00034585530185928675,129737.09716640205,128.16306499812234,45,,,,,,
74950,182,0.003938764198311598,46195.65812542711,95.7900337990127,182,,,,,,
75304,201,0.006987522166525138,28761.445583271587,88.93398782614445,201,,,,,,
75313,73,0.0030621708702019117,23831.51417053928,120.76970695529356,73,,,,,,
75558,197,0.004489747158500938,43867.97854496908,96.4550840602403,197,,,,,,
75643,87,0.000388349107204519,223449.85102097655,64.45536503367856,87,,,,,,
75700,141,0.005880911604915308,23971.798536069673,104.1859024983969,141,,,,,,
75701,38,0.0013687500605902723,27742.2875116534,196.2082668399263,38,,,,,,
75731,133,0.003909921167307197,34007.33339035188,114.76811621648018,133,,,,,,
76121,221,0.005456484233229037,40494.84901017124,75.55829644695623,221,,,,,,
76164,127,8.538988235227456e-05,1470079.5572579713,42.45966718004667,127,,,,,,
76645,150,0.0008945278569081949,167498.97710370974,66.27160956712294,150,,,,,,
76728,113,0.00014478252923876686,775127.1746350711,48.34335001118877,113,,,,,,
76919,178,0.00020492278418949485,864401.6770684313,51.34969664426462,178,,,,,,
77031,119,0.0033535297527806317,35474.420789190706,134.48985866421168,119,,,,,,
77219,86,0.0007480983453232424,114804.6855755505,78.86148914706027,86,,,,,,
77266,137,0.0018453233744618188,74201.51956855005,72.18127032256245,137,,,,,,
77276,191,0.004753124470683576,40175.64141995148,92.1329746183294,191,,,,,,
77371,140,0.006574512043545485,21291.117569683996,104.51739563600893,140,,,,,,
77487,71,0.0033623402203895834,21109.966684183946,156.24648822908907,71,,,,,,
77559,95,8.3210261408811e-05,1128128.5488333618,64.36206088379329,95,,,,,,
77662,190,0.00462827177460513,41043.17250118821,95.9258503203854,190,,,,,,
77901,148,0.0002819427907510691,523073.9387532558,44.89132642719789,148,,,,,,
78365,216,0.004758124942915227,45386.49491048833,78.52773991026822,216,,,,,,
78437,96,0.000635832257902906,150746.13260975317,123.3631450887489,96,,,,,,
78560,55,0.0025059663334178824,21938.866616136616,206.74453368681841,55,,,,,,
78620,146,0.0038992229241364335,37433.75772099656,109.5865881788494,146,,,,,,
78659,64,0.00028186142382844625,226259.20188684197,82.42332460824817,64,,,,,,
78735,121,0.00481733919228397,25112.38731257607,110.58334459348406,121,,,,,,
78901,69,0.001305737486714697,52803.26056419696,93.78778105625194,69,,,,,,
78940,173,0.004169553827649042,41481.301320961684,75.99934406828203,173,,,,,,
78945,396,0.0042108594475027865,94020.23142884993,38.001268603097024,396,,,,,,
79011,324,0.005813288425789026,55724.789737452986,42.86749368181004,324,,,,,,
79097,62,0.000669320217903216,92493.1075388686,83.11275376892418,62,,,,,,
79286,259,0.0013614617677525677,190097.0773126576,39.389628476012554,259,,,,,,
79301,372,0.0011060563870359283,336026.24433250946,38.791551349520844,372,,,,,,
79342,133,0.003975530750700933,33446.2395334316,106.1630218086291,133,,,,,,
79363,307,0.00015575195231775363,1958508.302197582,17.019968091649744,307,,,,,,
79386,123,0.0003247511015541085,377588.89966353413,47.92642012838431,123,,,,,,
79408,226,0.0035098424318325927,64372.014520182354,58.812312473813044,226,,,,,,
79499,194,0.0005630482288155045,343942.2199895885,51.491234701443055,194,,,,,,
79568,101,0.0007961169953076859,126706.61972401448,115.06384233893289,101,,,,,,
79622,251,0.0037693632288443033,66571.83532869772,60.340199984411534,251,,,,,,
79624,172,0.001074926821398268,159862.17331813503,68.3098337161208,172,,,,,,
79714,203,0.00017005764045838152,1186734.4800034822,32.48906750497903,203,,,,,,
79764,146,0.0008848130348037865,164820.33370883955,70.5349344803198,146,,,,,,
79981,195,0.0018923403821576082,102992.57430815604,82.73192298427604,195,,,,,,
80037,76,0.0007654389261629515,99159.89050879932,75.80103964186623,76,,,,,,
80066,104,0.0011488600521561772,90445.78929843058,115.70366474940667,104,,,,,,
80478,119,0.00047454084763177523,250241.3842945939,47.16595106079985,119,,,,,,
80560,499,0.004134689424927722,120657.02927117668,28.809921768046312,499,,,,,,
80817,129,0.004616791283079259,27935.433217323665,99.23751753281537,129,,,,,,
80908,181,0.007221730091518424,25059.776248948634,99.70613176877734,181,,,,,,
80969,140,0.0005752156988976575,242964.57085051684,81.8934149837444,140,,,,,,
81068,136,0.0014036155946103256,96823.64379396607,62.62899513196764,136,,,,,,
81087,193,0.005468628946114396,35285.75738891876,72.50171261995926,193,,,,,,
81109,226,0.0010391109652437389,217284.50862648038,46.02746719709526,226,,,,,,
81125,281,0.004002898698671772,70181.59577644088,45.72445013380337,281,,,,,,
81155,301,0.0004155611990307979,722582.9018649092,36.7478078915508,301,,,,,,
81219,169,0.004508876676753395,37473.30849890579,105.40561608492382,169,,,,,,
81254,139,0.0009108478386218202,152437.71396123126,68.67613437562603,139,,,,,,
81300,191,0.003432404488136846,55629.915047861745,69.14635654929822,191,,,,,,
81333,152,0.002365586889599987,64227.51713362692,75.90774011810637,152,,,,,,
81337,206,0.00035444623345067835,579553.1943049398,40.40327004061579,206,,,,,,
81445,255,0.0010108294271587409,252018.7624074649,40.0958944677416,255,,,,,,
81581,251,0.00026920050040803205,928939.8044080702,34.23503010537233,251,,,,,,
81628,269,4.897699550236088e-05,5382476.42332346,17.765157196789694,269,,,,,,
81731,167,0.023207200517622834,7195.732382318517,185.23789337302136,167,,,,,,
81996,150,6.93860643720615e-05,2131103.6685770405,30.41318086419644,150,,,,,,
81998,114,0.003813523881651389,29885.774355316647,128.93576617151797,114,,,,,,
82001,193,0.001261966614566533,152814.80743356005,44.33715931431582,193,,,,,,
82047,123,0.011033699773214762,11146.655779305009,144.92658576207373,123,,,,,,
82126,190,0.014949372617941098,12708.713344842772,136.95294941587088,190,,,,,,
82254,227,0.0024474393431789467,92712.1191024782,43.59040047474499,227,,,,,,
82368,100,0.0011057547269039574,90354.2560687684,64.08832546914702,100,,,,,,
82616,212,0.0029510177182582695,71815.28711320976,61.86244727449738,212,,,,,,
82632,280,0.006040974331481374,46342.46765019763,50.32652676751298,280,,,,,,
82666,159,0.00015921084150503532,992442.19995563,38.12178840516552,159,,,,,,
82762,110,0.0010554563480412763,104121.67071923567,56.71271285713384,110,,,,,,
82804,125,0.0005435071960918456,229565.37745906194,39.60878275314086,125,,,,,,
82899,220,0.0009158752640978916,239945.3978251412,56.91071901662323,220,,,,,,
82962,169,0.00012665182953450256,1323913.65338263,47.0533244255641,169,,,,,,
83041,112,0.007696459279115125,14550.255602375224,408.5045068610898,112,,,,,,
83112,88,0.0010310617963527101,85266.2120727563,76.12220207693927,88,,,,,,
83145,79,0.0004246869922405718,185582.36789005314,82.8163012446028,79,,,,,,
83644,110,0.0064060614231970835,17168.557117579603,182.49347933384158,110,,,,,,
83673,121,0.00012235049233460163,980944.6051643989,41.867816942347005,121,,,,,,
83677,122,0.0016904228485748363,72128.62242152818,84.11612565651889,122,,,,,,
83719,149,0.004319184728372413,34489.2659384346,102.84100766257538,149,,,,,,
83756,94,0.022733272224073783,4134.72659575447,344.7239331967497,94,,,,,,
83870,89,0.004305233910806726,20667.71147211713,158.15769003856042,89,,,,,,
83883,79,0.0008286236601457282,95223.89945595716,91.71926398286315,79,,,,,,
84166,165,0.0040726487505258965,40504.22854417651,139.03034488661035,165,,,,,,
84196,109,0.004017651629709478,27123.525511436277,140.44941412083634,109,,,,,,
84216,227,0.004504796807224067,50379.54655124589,195.81470741407,227,,,,,,
84258,131,0.000587207917147832,222710.36512940418,72.15259438022703,131,,,,,,
84279,212,0.004117675903506846,51472.85316125326,174.60966046906506,212,,,,,,
84393,229,0.002440922651217518,93778.56415141687,112.41897267018076,229,,,,,,
84435,206,0.0042660611223215425,48276.78678479379,162.75499357618406,206,,,,,,
84465,215,0.004873214106448033,44109.67497623449,351.0184209209543,215,,,,,,
84490,144,0.0008384027124809305,171550.5535768344,97.11618139956325,144,,,,,,
84502,114,0.0017514575965117654,65051.50265941664,136.5051882237974,114,,,,,,
84526,143,0.0006120846415959798,233246.7497925619,69.94525003089466,143,,,,,,
84560,145,0.002369360902951204,61172.11932557131,78.65560136237825,145,,,,,,
84854,113,0.05587943129921446,2022.1748002433278,372.0151915828332,113,,,,,,
84864,186,0.002305806681484298,80630.94384672046,89.94820095439165,186,,,,,,
84883,191,0.0009918904197352353,192367.6532712766,44.08673014929713,191,,,,,,
84952,283,0.005311399741704573,53271.59358478447,90.3436616378839,283,,,,,,
84964,188,0.0031850868302785488,59006.552556373295,107.27655818481752,188,,,,,,
85070,181,0.010963871883213202,16507.260816891445,141.56802248703414,181,,,,,,
85107,34,0.004615041343876875,7365.618604153232,312.4167355850015,34,,,,,,
85205,118,0.004895574891538293,24098.47753047018,127.06120461218268,118,,,,,,
85219,65,0.0011794269288330844,55064.82308418363,170.38092829096064,65,,,,,,
85333,85,0.0027194236121362986,31245.133890471956,123.08271379861887,85,,,,,,
85344,245,0.0033799393534403527,72465.0679553582,87.68914672012731,245,,,,,,
85460,199,0.017121096725586232,11622.408352747263,121.68658110222381,199,,,,,,
85585,235,0.001260690412869662,186258.05316654692,45.83869255981229,235,,,,,,
85593,146,0.0023581398791039194,61886.96197847145,82.7637878406272,146,,,,,,
85747,237,0.0014944759133193278,158477.97874187064,73.6985357061241,237,,,,,,
85785,165,0.0015628114379118755,105511.44210859657,66.74257989626334,165,,,,,,
85823,170,0.003682470556621992,46152.126747526454,98.48331634117716,170,,,,,,
85834,184,0.0375931528707003,4894.378139942177,175.78539896107458,184,,,,,,
85939,113,0.002734583428148778,41307.45889057723,108.6005361303586,113,,,,,,
86023,193,0.0010156120036637411,189846.2730170925,46.71602807096942,193,,,,,,
86227,176,0.008294255646247138,21216.94707258652,119.05338343763421,176,,,,,,
86633,145,0.0075396962600496635,19228.993583550735,139.30997648778995,145,,,,,,
86680,120,0.0007186530048449561,166747.02834854848,65.22647055758304,120,,,,,,
86872,151,0.0010695708023293004,141046.25277605266,84.90454636478968,151,,,,,,
86901,156,0.0023581066362917615,66126.72678722725,78.4876921288829,156,,,,,,
86924,212,0.011674451789305715,18157.755590596007,112.91144892445494,212,,,,,,
87424,151,0.004511934587443163,33459.381489850086,118.66602369380249,151,,,,,,
87529,102,0.0007574944119691844,134476.93007413216,64.11994940157747,102,,,,,,
87534,175,0.00660878194615499,26475.911221519214,127.11468830671078,175,,,,,,
87643,221,0.001001367108701017,220478.10436078388,41.465642867637854,221,,,,,,
87644,250,0.03778559608402242,6616.102690067638,154.85067342873683,250,,,,,,
87655,184,0.004655182274645322,39517.3533050778,121.53598498679357,184,,,,,,
87666,216,0.006478563556545694,33335.578564052434,102.12947150176969,216,,,,,,
87677,152,0.005083123947397969,29896.98944648918,115.13318078062508,152,,,,,,
87839,212,0.001961886277497255,108004.21931234193,73.44492687756235,212,,,,,,
87916,143,0.004307688369938738,33188.754377711746,110.95815234595906,143,,,,,,
88119,200,0.00019499552858802594,1020431.4427008755,79.75174190566312,200,,,,,,
88231,142,0.006651923828964308,21343.999067265107,133.2549752703674,142,,,,,,
88263,163,0.004130179071498577,39456.04806253825,84.25454473351722,163,,,,,,
88379,222,0.004047809247308795,54830.93582330688,158.3092365768838,222,,,,,,
88647,218,0.0027379604522108493,79592.24085328926,112.0032233986996,218,,,,,,
88738,174,0.00410382981617496,42389.08987514127,79.6455473614202,174,,,,,,
88773,215,0.001829952644737972,117425.21065080234,71.10124663259816,215,,,,,,
88926,231,0.021422596979161886,10782.503060745916,125.79540674426272,231,,,,,,
89159,163,0.004542425665543761,35876.013387024796,110.23524659599492,163,,,,,,
89225,108,0.004202013098593513,25695.85139673747,110.04295068073253,108,,,,,,
89352,95,0.00032747244742764884,289217.56069335225,63.10111368180003,95,,,,,,
89500,77,0.0013388135707314054,57470.68225168494,128.07206940738698,77,,,,,,
89645,132,0.0008217818781889729,160431.34091692138,52.69879295178008,132,,,,,,
89703,165,0.005088653797435144,32418.707944958715,102.31257242188882,165,,,,,,
89762,182,0.004623233019990939,39357.87820665591,112.15658602359318,182,,,,,,
89778,98,0.000425478906069321,229788.62167703744,99.07802373694354,98,,,,,,
90142,113,0.0028133789224753214,40150.95447794694,106.79993333660035,113,,,,,,
90232,72,0.006932043043807964,10385.05019297473,277.25646913999145,72,,,,,,
90528,162,0.004499917117391367,35992.66455586093,108.8003494327575,162,,,,,,
90789,264,0.004063531446526945,64952.13617441251,169.64772268699693,264,,,,,,
91104,662,0.022760251085626952,29084.517257403004,82.02994743147045,662,,,,,,
91119,131,0.004152020408641688,31543.30754730041,155.6696661121053,131,,,,,,
91151,103,0.00082207494299658,125140.48796699668,72.75013711285901,103,,,,,,
91188,110,0.023903845827370946,4601.577470708909,235.49057077067178,110,,,,,,
91243,136,0.01914140349689712,7104.645977295634,177.7099979841327,136,,,,,,
91487,225,0.002826927383845043,79563.57058011675,109.05226307464855,225,,,,,,
91515,242,0.0034072632492463876,71003.9050104212,110.9057576595738,242,,,,,,
91682,276,0.0007965069378323065,346078.4940005564,37.18854577584073,276,,,,,,
91847,149,0.004097095866974625,36358.34905687495,107.7389723671055,149,,,,,,
91869,84,0.0005060311687395792,165670.28849294272,73.55416134580582,84,,,,,,
92105,294,0.0037157312360004795,79101.76478522271,67.4078273157508,294,,,,,,
92121,219,0.004157474706508559,52663.54022960299,78.25721019983921,219,,,,,,
92307,115,0.006060971810342671,18970.724971665495,129.4194977988892,115,,,,,,
94871,61,0.0030979383774262723,19684.160370643338,203.92615629623052,61,,,,,,
95342,172,0.02370131672173021,7256.674611993136,170.48557663956367,172,,,,,,
99001,121,0.016502528570087688,7331.765415264591,221.5959906550518,121,,,,,,
99224,94,0.004177601221359659,22495.566104633857,159.0408657964865,94,,,,,,
99440,166,0.004801099440801857,34568.2137669938,167.16219688184205,166,,,,,,
99450,62,0.0015542242005649404,39865.634792384466,136.1103521891988,62,,,,,,
99543,16,0.00022268131115750316,71530.33893266901,414.68103185030606,16,,,,,,
99934,93,0.008072272016881828,11519.492939855107,194.87583171566143,93,,,,,,
100055,92,0.0008403861139601659,109343.37811564548,96.18166734492503,92,,,,,,
100115,250,0.025851871557102498,9670.105676571084,146.8989915726705,250,,,,,,
100116,119,0.0093529895237249,12721.844481242526,161.19669621551986,119,,,,,,
100188,366,0.011781701055567279,31062.487138894736,84.29916358021534,366,,,,,,
100217,252,0.011863289000104735,21240.21085441997,117.23923897605489,252,,,,,,
100890,146,0.015132629933726906,9647.388011954981,137.73538254248456,146,,,,,,
100906,165,0.015471505624467554,10664.077558264133,136.78771358178574,165,,,,,,
101182,69,0.0011780593835919726,58521.22544480615,87.9782059045695,69,,,,,,
