tracking_id,num_points,bbox_area,point_density,avg_segment_distance,num_stops,predicted_label
59,72,0.0018134390676605,39681.68525649823,104.0938263415007,72,TOWN
65,154,0.0062071454405824,24806.11987491575,103.03963168769458,154,TOWN
78,237,0.0462571699801087,5123.419281435282,153.7827227560113,237,SUBURBAN
87,14,0.0020024027640971,6988.110554149822,508.6022378300535,14,TOWN
172,253,0.0008309761030661,304095.27276996075,50.29053552445189,253,SUBURBAN
323,357,0.0633181899453626,5638.101187144861,131.5398635788331,357,SUBURBAN
438,171,0.0007832591653728,218040.16777885027,79.50718942229888,171,TOWN
712,158,0.0028163037018443,56081.9906979029,120.70706172056876,158,TOWN
732,87,0.0026179710862528,33219.1525353858,113.99488240191094,87,TOWN
750,97,0.0011849417608805,81791.53749335532,111.54181328551384,97,TOWN
764,63,0.0025688032256058,24515.49572833442,158.8839797019868,63,TOWN
811,123,0.0403281097629525,3049.9061527262224,278.2332010038925,123,TOWN
932,221,0.0241840088479848,9137.892046643366,158.88891924791977,221,SUBURBAN
1108,175,0.0114680638015828,15258.438092902432,143.77608752929723,175,TOWN
1128,152,0.0024635484723345,61674.58327813559,77.3420449916072,152,TOWN
1231,20,0.0082522646737363,2423.2834872779868,637.9023288673147,20,TOWN
1242,146,0.0009457613492693,154209.9285238751,71.52567825145984,146,TOWN
1245,137,0.0070453157303535,19442.78474633804,129.32783405774947,137,TOWN
1307,181,0.0390175957177162,4638.813793029909,202.51161440568296,181,TOWN
1326,71,0.0010318159457855,68744.0974257961,108.78704753231727,71,TOWN
1377,29,0.0033553645714994,8640.300951289131,278.13507552241583,29,TOWN
1432,214,0.0018912003603444,113095.8457068701,75.41973319267184,214,SUBURBAN
1458,230,0.0006744779563545,340499.6385689188,42.31129398217831,230,SUBURBAN
1632,119,0.0190308288972274,6252.683367563058,184.5432869033132,119,TOWN
1657,148,0.0148184421616445,9986.88063866883,138.76538490723746,148,TOWN
1677,71,0.000442122466984,160226.58585386336,79.48983245967308,71,TOWN
1689,123,0.0310353640301702,3963.093095584018,252.47917358789772,123,TOWN
1735,303,0.0547276037860269,5536.410195747779,132.50882324294247,303,SUBURBAN
1756,112,0.0013629850306509,82112.33809989048,79.82237817003461,112,TOWN
1780,147,0.0092213210924602,15939.588149905188,141.79116053897917,147,TOWN
1916,126,0.0147682295705683,8531.250692391495,178.98624852590575,126,TOWN
1953,244,0.0145210821591473,16801.998317183887,129.42821998962702,244,SUBURBAN
1998,64,0.0040607253344491,15756.850778951142,332.86324592822206,64,TOWN
2040,110,0.0126312169141796,8707.893535023533,190.872366518487,110,TOWN
2064,187,0.0061241375677012,30529.92654174484,92.72419155846728,187,TOWN
2068,128,0.0004024769769636,317242.3888055863,48.96811610397077,128,TOWN
2089,99,0.0059046755233831,16763.535281953147,194.29926991821435,99,TOWN
2093,150,0.0370496668059114,4048.510133050218,270.47572231863825,150,TOWN
2149,151,0.0385036597560137,3921.6032801436886,271.8343953869309,151,TOWN
2167,143,0.0031072084152683,46007.21087348777,70.59964899481061,143,TOWN
2190,165,0.0160403633112906,10285.908797032587,179.65840405624206,165,TOWN
2262,136,0.0193814740435827,7016.648116963573,204.8478117114019,136,TOWN
2272,110,0.0073843144552889,14894.423340528818,157.8865362373026,110,TOWN
2304,205,0.0162691251992115,12599.780117852742,104.2212020972582,205,SUBURBAN
2305,115,0.0058870376996795,19531.12494613597,187.42720051265024,115,TOWN
2310,152,0.0109257376129222,13910.830971198646,155.65808909041343,152,TOWN
2321,110,0.0073017766544497,15062.763823260842,208.52434741902795,110,TOWN
2345,199,0.0102149198434753,19479.40107684932,101.47710690981536,199,SUBURBAN
2352,141,0.0189424721707494,7443.197251753946,188.4319486651088,141,TOWN
2353,256,0.0049386482491565,51825.55256717141,77.12047636185643,256,SUBURBAN
2387,206,0.0378942956023839,5436.030956492676,177.2143435175481,206,SUBURBAN
2446,173,0.0066626390091847,25961.79051139281,99.82122659575954,173,TOWN
2464,121,0.0020147159320514,60028.299660683726,91.28808667019918,121,TOWN
2540,122,0.0077888825585684,15661.3400886007,167.14106712212995,122,TOWN
2581,90,0.0174684564378199,5151.848903847821,328.6992356092844,90,TOWN
2680,149,0.0353998734889178,4208.935693257517,255.39310547618817,149,TOWN
2731,291,0.0202933003859946,14339.001318854143,116.10178405317484,291,SUBURBAN
2756,258,0.0336318489502109,7671.071825700395,184.61855642462825,258,SUBURBAN
2821,150,0.0063340411334737,23677.82573777072,111.66079402258012,150,TOWN
2864,51,0.0031950387027897,15957.253570015502,233.9512761207309,51,TOWN
3104,231,0.0477084324548475,4841.809850046309,179.26962430407667,231,SUBURBAN
3263,163,0.0121585469895863,13405.104658882114,165.77110550301907,163,TOWN
3580,80,0.0011244391839146,71083.36118326141,79.88237978449166,80,TOWN
3583,112,0.0267561045292856,4185.804180621113,241.2645665199508,112,TOWN
3620,128,0.0178089808015595,7186.981357598751,212.18622450672743,128,TOWN
3808,132,0.0183088176255174,7209.247120847261,216.81161931119556,132,TOWN
3813,99,0.0041257218745579,23989.98600083887,154.27516953497673,99,TOWN
3837,117,0.0388442092474524,3011.954428014137,319.9754767793529,117,TOWN
3920,249,0.0354449830214086,7024.773437644807,143.91619737130472,249,SUBURBAN
3924,164,0.0004871704473055,335948.2346897549,40.63375493369935,164,TOWN
3984,65,0.000195817007171,330256.0125991089,77.39260937255781,65,TOWN
4177,679,0.0402679333820971,16861.633596232055,124.95774757738954,679,SUBURBAN
4423,126,0.0200454449690369,6285.403730916638,225.6332575869611,126,TOWN
4580,198,0.0319612246200268,6194.812856547467,181.60241317399883,198,SUBURBAN
4847,230,0.0456513017354541,5038.081131873781,161.96802685240195,230,SUBURBAN
4862,32,0.0192729739011661,1660.2699663334024,938.7110341534096,32,TOWN
5054,91,0.0013315865279074,68288.2485258919,86.22195153081735,91,TOWN
5077,428,0.0035692099761955,119880.90416353654,42.61291625967527,428,SUBURBAN
5096,92,0.01626844122785,5654.773185603598,244.5378880222253,92,TOWN
5113,170,0.0104621418142634,16247.50987970502,125.39493336046148,170,TOWN
5139,15,0.0083238243860286,1801.839811200592,998.8393265598496,15,TOWN
5144,133,0.0089606788455808,14840.96923040086,179.4618853190371,133,TOWN
5513,13,0.0649487552134928,200.15471894033152,2741.329912685084,13,RURAL
5646,113,0.0126800182423803,8910.956347523452,190.4207066219451,113,TOWN
5651,83,0.0073354573626855,11313.362280567648,245.0841794209637,83,TOWN
5740,179,0.037631605200408,4756.513641475424,201.28862459506584,179,TOWN
5926,70,0.0078429360497001,8924.09111401108,286.85944094404664,70,TOWN
6075,108,0.0015894404684691,67905.71677539975,79.96064450262936,108,TOWN
6168,168,0.0055724045426083,30143.155537275183,78.66442684696294,168,TOWN
6459,268,0.0012176102602842,219922.6518390598,54.1344279777118,268,SUBURBAN
6599,116,0.0043597226340409,26601.09567494032,119.02270793784862,116,TOWN
6624,261,0.0036003897990373,72472.02179274359,65.6691223096524,261,SUBURBAN
6665,171,0.0010510495072239,162539.8793743325,58.341874846617245,171,TOWN
6708,143,0.0031692061903806,45107.47611114544,117.02971379966615,143,TOWN
6762,103,8.22880633808232e-05,1236671.8088887082,52.54266312449247,103,URBAN
6777,22,0.0011278156414313,19489.45354097304,355.71797114544523,22,TOWN
6779,14,0.0305815964637059,457.7766971687496,1961.892559682993,14,RURAL
6836,134,0.0001971058851291,676405.9528703829,60.950301871314174,134,TOWN
6902,180,0.0001023373623935,1741867.5668776152,31.74501556986113,180,URBAN
6909,179,0.0001682326292981,1057715.6470496743,50.305516390941946,179,URBAN
6931,195,0.0009207545600471,211553.0624443365,52.91487240627148,195,TOWN
6975,112,0.0001653820262044,673149.6337372053,52.23298487797402,112,TOWN
7032,162,0.0003980772458585,405936.4488483255,56.85030665492853,162,TOWN
7033,148,0.0060161818084902,24596.232041912343,104.3240165031901,148,TOWN
7147,160,0.020767186208312,7704.091170752469,253.4247745470476,160,TOWN
7175,139,0.0021396466731076,64933.64913800037,64.56920065169794,139,TOWN
7178,75,0.003688157949858,20329.842478792656,150.5760161044296,75,TOWN
7182,109,0.0117940726264132,9241.146998612929,241.7855000524298,109,TOWN
7227,108,0.0001925275208952,558060.1637452056,60.9008132334976,108,TOWN
7261,156,0.0032453228136654,48054.37073088195,77.25099461354839,156,TOWN
7267,139,0.0006112558104923,227029.2868077955,56.220818393249935,139,TOWN
7272,103,0.0001442152089805,709292.0963520212,58.39214844052933,103,TOWN
7275,86,0.005590347855585,15380.906754727504,134.88940171473985,86,TOWN
7297,145,0.0005505877370902,262877.4902881242,61.04928192590252,145,TOWN
7312,164,0.0023273887721731,70434.97287050427,79.82824805737067,164,TOWN
7331,155,0.0210259181076862,7371.503479786725,229.26360151336576,155,TOWN
7334,136,0.0002441279521793,554812.287994259,58.882012222956014,136,TOWN
7350,153,0.0002573154872172,592298.9815601321,35.97027508516286,153,TOWN
7381,109,0.0029548027370095,36876.615152700215,100.06454853103072,109,TOWN
8068,24,0.0007471967192418,32077.12541739069,354.50416544193047,24,TOWN
8075,142,0.0171687484348451,8270.359961233782,157.81515796959937,142,TOWN
8159,20,0.0094142653508453,2124.2099138718745,676.1479021341848,20,TOWN
8223,119,0.0042598890257518,27928.443871875115,128.22885399647456,119,TOWN
8447,119,0.0085295081721698,13949.930953495636,156.1901110243413,119,TOWN
8680,124,0.0085184048569796,14555.007313499302,150.67866161539928,124,TOWN
8839,126,0.0053238514276674,23662.63203989423,121.55189696209013,126,TOWN
8853,35,0.0007454346937059,46889.56756046506,159.00488030269034,35,TOWN
9062,145,0.0370812391558113,3910.2277343809305,224.38683732084556,145,TOWN
9204,315,0.0317428647126166,9923.177371493874,124.87225058165092,315,SUBURBAN
9332,99,0.0023921412151077,41368.2232268692,113.22488723181456,99,TOWN
9423,102,0.003600979468224,28317.762746796107,109.9991722623181,102,TOWN
9627,82,0.0042489408850491,19294.3860203957,160.6093100307694,82,TOWN
9633,156,0.0165665768671967,9415.981664094465,150.28586587446003,156,TOWN
9703,111,0.0173530867526512,6396.187917122287,230.14363431412303,111,TOWN
9766,56,0.002744635572264,20396.006143605875,167.53366073123175,56,TOWN
9772,55,0.0052696049526814,10435.234758396886,274.8829383351264,55,TOWN
9858,201,0.0172773266366306,11633.070969608449,114.60964802664712,201,SUBURBAN
9893,114,0.0188852658696305,6036.132329541855,207.2647690373289,114,TOWN
9942,173,0.0088897099355633,19458.51357808793,95.3348030048134,173,TOWN
9962,224,0.0204448077529174,10955.791167900254,127.87900035218816,224,SUBURBAN
9977,150,0.0045395473915786,33035.66443953547,98.2022738505862,150,TOWN
9999,126,0.0035728007359129,35256.58236449297,93.94587310437755,126,TOWN
10103,202,0.0080164358851044,25195.0876682774,108.45177918415789,202,SUBURBAN
10132,104,0.0137713984376022,7551.335409818853,222.51173407596443,104,TOWN
10134,92,0.0024212635249454,37981.00373990968,121.33823015060028,92,TOWN
10167,214,0.0063025526468982,33949.10965093659,80.1027304628787,214,SUBURBAN
10298,190,0.0158099860669219,12016.960814196023,110.095025988115,190,TOWN
10407,206,0.0183533795158123,11223.479378451915,150.0424172695806,206,SUBURBAN
10820,135,0.021557257268954,6262.10172351978,205.99335747784397,135,TOWN
10838,149,0.0001472304038338,1005191.8914487096,38.85865552851379,149,URBAN
10862,109,0.0067634495457328,16113.65407681384,180.1589748982419,109,TOWN
11040,48,0.0002012905064777,237282.5143194481,128.00631280129016,48,TOWN
11296,92,0.0110567324847011,8319.969770229676,236.2791757686188,92,TOWN
11398,190,0.0017927746318344,105921.89042482646,69.35907042158145,190,TOWN
11723,96,0.0010734655405266,89346.74624646007,69.28658253389652,96,TOWN
11821,118,0.0001717019969053,683257.8783942412,45.23849631014399,118,TOWN
11831,224,0.018176526260671,12322.908892429808,105.81418001271956,224,SUBURBAN
12026,161,0.0025211867051943,63833.497999346415,79.537263262376,161,TOWN
12097,106,0.0125690880778908,8432.717363885466,184.13117189920212,106,TOWN
12256,153,0.0002261056212013,673695.3457632315,40.66698109704295,153,TOWN
12281,104,0.0114537965756807,9079.166034322972,213.87946410632563,104,TOWN
12290,45,0.0033132225647887,13577.84491545406,339.3666119626851,45,TOWN
12760,115,0.0024653897281017,46626.856530296864,90.26695675664202,115,TOWN
12871,172,0.0068870664016315,24970.72327282732,120.52625215219788,172,TOWN
13202,177,0.0114236837566489,15492.770195673009,103.33693993563791,177,TOWN
13505,122,0.0052826109643031,23090.269292014444,154.00655280354832,122,TOWN
13842,257,0.0102812692705415,24994.48256391205,80.92570048303045,257,SUBURBAN
13856,118,0.0225813016897825,5225.330952574667,207.76795062180295,118,TOWN
14340,134,0.0120309113576976,11137.050134122754,157.3458715012093,134,TOWN
14377,127,0.0002917574510068,433806.2090759427,46.25030053523496,127,TOWN
15189,107,0.000250261367087,425851.38033940416,55.32190671291543,107,TOWN
15400,107,0.0029494332718962,36265.86000748035,98.96316835887112,107,TOWN
15562,102,0.0026144182869731,38999.49790365825,100.53487503817654,102,TOWN
16238,96,0.0115486159527418,8311.964691536778,228.1444010579813,96,TOWN
16375,1168,0.0035551080992469,328448.9580750802,64.98359603384256,1168,SUBURBAN
16706,184,0.0051668816729448,35604.530375238195,83.6076058276607,184,TOWN
16711,1028,0.0011364551575644,903771.892160725,37.19631976870843,1028,SUBURBAN
16900,164,0.0018081275593954,90651.42982775804,64.9702937790934,164,TOWN
17410,96,0.0028070919194091,34186.91508510085,108.72049981170528,96,TOWN
17494,204,0.0055243210077213,36920.93178204876,71.67188110370527,204,SUBURBAN
17615,339,0.0126961530118268,26698.898539242327,58.84235079418576,339,SUBURBAN
17856,100,0.0050205624131817,19914.120700262138,148.30203859532674,100,TOWN
18105,144,0.0067729138695861,21258.02051403976,98.54903842922596,144,TOWN
18448,142,0.0234116680373292,6065.092614545037,207.854547654689,142,TOWN
18616,218,0.0007650563235676,284574.3756604627,48.50557774352068,218,SUBURBAN
18836,60,0.0030248620784956,19829.059766606784,174.45789023876665,60,TOWN
18845,43,0.0006668780915099,64383.007238323466,127.31649124073569,43,TOWN
19054,101,0.0139181482783904,7256.191110256581,217.6175437848524,101,TOWN
19297,205,0.0024940585180624,82162.40160940075,85.39062510113635,205,SUBURBAN
19387,208,0.0101113430347841,20568.922482606507,119.34835862152738,208,SUBURBAN
19466,103,0.0049422402534772,20836.53529232108,125.17705327710765,103,TOWN
19752,101,0.0002547120784171,394975.4764233236,56.08469155670267,101,TOWN
19961,124,0.005658325675069,21910.73762484718,114.49274846871624,124,TOWN
20046,182,0.0123144577135198,14778.175869192552,132.4445432971996,182,TOWN
20104,95,0.0045269687289673,20980.710266889557,140.88525247211834,95,TOWN
20197,82,0.0067518387016592,12143.041411584634,227.18786218079944,82,TOWN
20397,124,0.0168075372683815,7377.203502011803,205.54366491087632,124,TOWN
20481,310,0.0098355186337641,31515.21504121548,100.28742989186436,310,SUBURBAN
20522,225,0.0106902268711172,21045.292809924864,97.5644439175932,225,SUBURBAN
20605,108,0.0145031971069695,7446.120540385091,207.8540626083999,108,TOWN
20884,107,9.49139885924409e-05,1115582.8421927686,52.79778170639101,107,URBAN
20892,161,0.0277323393649233,5805.287198974307,177.06863812608862,161,TOWN
20920,154,0.0068938367914905,22335.55407577774,163.2935494275907,154,TOWN
20939,150,0.0043104395179742,34791.164151707184,140.9602170370471,150,TOWN
20944,90,0.0008651029804617,103913.74008668152,68.74413441361449,90,TOWN
21002,205,0.0001167534552329,1740925.5600561032,26.18995519084224,205,URBAN
21105,87,0.0004155895227771,208838.66550467352,84.65810684846286,87,TOWN
21121,174,0.0067835537386386,25646.491531057327,134.15148996182035,174,TOWN
21178,190,0.0357398842860047,5316.04082539164,179.947769699387,190,TOWN
21198,233,6.489305627091701e-05,3536032.674551149,21.91254191037521,233,URBAN
21331,172,0.0254185512267981,6766.44518486509,175.31441107682232,172,TOWN
21358,191,0.0101365679535518,18840.81082120683,148.48316422674523,191,TOWN
21505,73,0.0001126506702316,642319.1332808925,74.25834447339864,73,TOWN
21527,19,0.0063455113785955,2993.7707295507407,700.0363789455157,19,TOWN
21529,164,0.0314939301569505,5207.187289596429,186.3874366346112,164,TOWN
21609,212,0.0009026632128679,234600.67531927337,26.695457691715983,212,SUBURBAN
21642,119,0.0076372214560048,15579.543050096723,134.9068042075537,119,TOWN
21701,167,0.020083983840126,8314.66937336364,164.61872842646673,167,TOWN
21785,31,0.0204510622847603,1515.7395654471138,633.3402265322887,31,TOWN
21790,137,0.0240407350240783,5698.424005704727,187.81079727510928,137,TOWN
21846,18,0.1415301955028125,127.1804419940924,6826.399106671769,18,RURAL
21847,26,0.135613610387123,191.7197559007903,4681.579246925027,26,RURAL
21915,164,0.0129573170771537,12655.964429913583,121.85901864401534,164,TOWN
21928,122,0.0021148406015511,57660.29818624431,90.59064237273272,122,TOWN
22051,111,0.0572466184080458,1938.945288672472,422.477364687904,111,TOWN
22068,172,0.0302833514124769,5679.500863575934,211.98255375539148,172,TOWN
22097,111,0.0572466184080458,1938.945288672472,422.477364687904,111,TOWN
22617,157,0.027427625258427,5723.947099819161,195.588573540153,157,TOWN
23957,79,0.0023556481807586,33522.1865720188,120.69553178803926,79,TOWN
24031,53,0.0005045885695283,104828.31929812951,101.4906696450522,53,TOWN
24237,190,0.0065045901625186,29205.65164013349,108.63835540659288,190,TOWN
24409,94,0.0036187863890879,25968.38318508714,105.7875044861293,94,TOWN
24434,111,0.0041118067656298,26988.868265733003,100.73006593318657,111,TOWN
24468,182,0.0084623451190432,21504.49939592859,98.49193364545276,182,TOWN
24574,124,0.0008797831992547,140783.79345214297,86.34263204047687,124,TOWN
25253,124,0.0030624553594701,40477.168899058444,111.35242793518005,124,TOWN
25489,224,0.0039482462631743,56719.68397836869,101.22109746405492,224,SUBURBAN
26042,95,0.0001826109433527,517398.3547238621,55.41921374734204,95,TOWN
26043,181,0.0041835543160882,43254.30770586814,98.2708165054593,181,TOWN
26044,82,0.0003386761475315,241406.41194824348,70.87453477363546,82,TOWN
26045,98,0.0002608679663515,374234.3951625298,71.17229066103762,98,TOWN
26337,189,0.018048439975814,10471.239010919848,115.7548202083917,189,TOWN
26390,125,0.0057320068284393,21803.56726245636,108.45606789572436,125,TOWN
26429,158,0.0004587809271828,343641.9187026457,52.67713422344917,158,TOWN
26447,275,0.003664781315641,75018.11382655044,80.12477908159451,275,SUBURBAN
26476,153,0.0004651012917687,328254.829372818,52.73208885320327,153,TOWN
26504,162,0.0002921005428028,552711.3612647547,63.10993829963434,162,TOWN
26530,193,0.0040220740676513,47973.26540713532,76.80694440972688,193,TOWN
26567,158,0.0002053844443547,765561.5736640197,42.494938028519975,158,URBAN
26569,152,0.0004602707098584,329524.4999333667,54.909772075735326,152,TOWN
26747,151,0.0004597149453573,327751.46871537965,55.20636944532111,151,TOWN
26854,100,0.0054227854476486,18437.30747929052,114.7092076118453,100,TOWN
26857,194,0.0040219772870577,48222.99161969319,76.53486255096092,194,TOWN
26942,165,0.0004640438347207,354805.2628180079,51.42552505442251,165,TOWN
26969,130,0.0012854782452131,101051.06750441655,70.03619052457394,130,TOWN
26991,14,0.0001393256522373,99767.93107164456,486.5261671420785,14,TOWN
26993,160,0.0004616838306473,345808.4968652128,52.861636463870056,160,TOWN
27109,191,0.0038266609166773,49899.926915625925,89.73645817338455,191,TOWN
27128,99,0.0003449277603052,286186.9192361282,63.77955358723332,99,TOWN
27183,117,0.0069913729802503,16732.51703398287,110.64157851580468,117,TOWN
27195,138,0.0004604928447944,299029.55496845976,57.5952293177381,138,TOWN
27331,102,0.0004593736197485,221559.1763396852,78.89169724456082,102,TOWN
27399,182,0.0018470624197757,98481.52208088456,78.8317480855518,182,TOWN
27413,105,0.0003371707695304,310494.0150380115,70.83076879681788,105,TOWN
27418,115,0.0004608920355233,248975.9319397914,72.80841116528451,115,TOWN
27528,94,0.0009254980430188,101457.31090128628,79.54896574975815,94,TOWN
27588,165,0.0040204735259625,41029.73672082217,90.29576203293487,165,TOWN
27650,134,0.0015328955433815,87359.27330787414,106.9707147040434,134,TOWN
27760,135,0.0004656328674156,289306.6678900236,61.91643794957626,135,TOWN
27880,87,0.0003387081277542,256102.20330944963,74.89356030871396,87,TOWN
28033,140,0.0010984536642776,127335.97108158752,79.13867862069313,140,TOWN
28069,183,0.0029209933740617,62628.478772223,116.32063749052492,183,TOWN
28182,263,0.0189401922242401,13885.081619277566,134.34645709919266,263,SUBURBAN
28235,159,0.0015319505575786,103721.54484300474,99.73548809843702,159,TOWN
28283,150,0.0005172314012171,289445.98811976844,69.97830300916027,150,TOWN
28590,132,0.0026090526402074,50573.69263997169,118.56678310659096,132,TOWN
28901,150,0.006862059133992,21856.14273044293,99.7423188807814,150,TOWN
29100,227,0.0228123234558612,9950.325757629978,119.48382429783562,227,SUBURBAN
29273,121,0.0004280474065882,282020.11745548085,76.97473223470779,121,TOWN
29364,177,0.0010661468807758,165862.82843400078,79.04845797730117,177,TOWN
29374,170,0.0001793774498938,942468.1416664232,56.03921627480732,170,URBAN
29377,258,0.0006152518652565,418659.9904125128,48.44786797438332,258,SUBURBAN
29379,177,0.0010677450897304,165614.7959890389,77.84014779561357,177,TOWN
29384,226,0.0015709777273297,143767.94026458336,70.39542295767868,226,SUBURBAN
29430,99,0.0003904012874743,252937.3386552652,81.06951228663361,99,TOWN
29434,104,0.0004453782068503,232986.2847333504,76.8130580325995,104,TOWN
29446,98,0.0001174664985426,827238.0901400592,52.83086078062509,98,URBAN
29450,103,0.000109190131763,934747.9520348866,49.61010042408449,103,URBAN
29457,139,0.0002703548747417,512244.34472484,51.39135815383365,139,TOWN
29497,157,0.0065891146220372,23823.56134975156,95.21469626567216,157,TOWN
29600,224,0.0047125242322689,47522.82771063103,92.23059421009836,224,SUBURBAN
29799,103,0.0004985554064385,206183.3355669241,51.8751571400915,103,TOWN
29803,160,0.0064404336747432,24839.19078874604,95.14850135518104,160,TOWN
29963,318,0.0183409577561038,17337.298680353535,106.17683084291978,318,SUBURBAN
30017,188,0.382378890228474,491.6576546106256,461.0970765453451,188,RURAL
30249,279,0.0186883486661904,14928.289101092048,128.14642368058628,279,SUBURBAN
30303,119,0.0037379604922888,31827.027925387672,100.25655391471238,119,TOWN
30443,121,0.0037646221505515,32132.804397880627,100.72882079824475,121,TOWN
30495,122,0.0037894270674313,32186.3467703322,100.60113056159504,122,TOWN
30537,115,0.000710261085883,161684.65038014657,79.62047068396804,115,TOWN
30726,146,0.0038178781127446,38231.1233010438,87.64781086184759,146,TOWN
30749,182,0.0028912797241809,62926.14040004085,92.90698988682972,182,TOWN
30795,106,0.0003456457172848,305787.7097985481,55.183535064001255,106,TOWN
30807,158,0.0063111278752507,25031.178569671025,94.09183138123916,158,TOWN
30972,118,0.002915706703933,40456.58750702716,106.88609276127076,118,TOWN
31006,110,0.0020722062170404,53057.91536600183,143.76600464689332,110,TOWN
31130,235,0.0244460000879402,9612.631372138225,118.48606299548008,235,SUBURBAN
31150,138,0.0001261816729642,1085061.996619841,48.636419219815735,138,URBAN
31183,86,0.0022086024568184,38921.0284115218,194.60679929697093,86,TOWN
31268,141,0.0007367797171375,191113.95545956164,93.34967105811022,141,TOWN
31286,102,0.0009395337131185,108449.06309821842,79.75224189448564,102,TOWN
31295,89,0.0011262857454398,78950.70115099418,98.33256858210616,89,TOWN
31368,225,0.0006604136675431,340180.4514197383,53.67628124136472,225,SUBURBAN
31381,265,0.0055560704170115,47686.99694514726,87.08547924113088,265,SUBURBAN
31413,119,0.002861558131843,41571.2081708471,142.92652575777973,119,TOWN
31449,112,0.0028758998146009,38930.796071373166,151.44596727105116,112,TOWN
31484,124,0.002871413270527,43169.27556084072,135.2408095718546,124,TOWN
32181,341,0.0201204882072113,16947.05662366411,99.84955610359964,341,SUBURBAN
32353,252,0.0204980691755513,12293.241114604049,147.71248190942757,252,SUBURBAN
32372,117,0.0028599586782869,40895.382686917,142.97292472817503,117,TOWN
32671,72,0.0003971213427884,180849.3850033349,96.17974402672432,72,TOWN
33142,80,0.0032571934455563,24553.48380529904,141.2936299827876,80,TOWN
33155,208,0.0049091256136989,42361.44171540024,106.77639850969172,208,SUBURBAN
33283,101,0.0014761598826418,68374.45369783658,117.39352646331488,101,TOWN
33497,154,0.0029160191770175,52793.61932664881,208.46779225861775,154,TOWN
33669,115,0.0079077485034434,14540.859397656895,140.29032506904468,115,TOWN
33698,110,0.0027478126268588,40017.27834235868,132.84441628935895,110,TOWN
33764,146,0.0096187395719962,15177.126044556968,140.1555645789116,146,TOWN
33840,126,0.0006431978744975,195592.07657781467,66.76033235504381,126,TOWN
33868,151,0.0089544524198578,16861.236364248016,131.94974328247793,151,TOWN
33896,171,0.0003293705413366,517600.6290032875,65.17718758757619,171,TOWN
33909,223,0.0038394997681918,58065.35957818601,93.65347563175492,223,SUBURBAN
33918,99,0.0005737276698198,172255.49629624863,110.872105671917,99,TOWN
33941,77,0.0068666097410284,11212.052359351002,269.4044998726092,77,TOWN
33953,164,0.0024527741284313,66835.81756762638,98.29707928631925,164,TOWN
33965,78,0.0074117871658727,10522.357954521967,271.67596466006825,78,TOWN
33982,118,0.0032321805268396,36496.57017925417,123.00938008127488,118,TOWN
34001,156,0.0044923687669453,34717.82711171718,148.90871368496695,156,TOWN
34016,94,0.0053078107050057,17706.413964123003,148.7625378944332,94,TOWN
34066,110,0.0071702594588212,15339.007134191876,129.40185321944702,110,TOWN
34096,122,0.003696410631382,32996.06458761046,114.81688497132956,122,TOWN
34098,99,0.0005098135669847,193808.4780801214,90.52148939454898,99,TOWN
34140,98,0.0056635548631771,17300.565069473552,175.36367142981754,98,TOWN
34223,74,0.0006346022126893,116425.0194896094,75.85018859359805,74,TOWN
34242,104,0.0026697214636069,38940.78862853095,135.56546095906117,104,TOWN
34254,171,0.0087112246675032,19627.593011671644,114.36040556685224,171,TOWN
34289,106,0.0050250098403366,21090.288990142435,196.56280759821425,106,TOWN
34308,76,0.0010487239330118,72399.98785389314,87.39963599329509,76,TOWN
34313,175,0.0222267690408483,7873.034836667584,149.9710410436238,175,TOWN
34362,182,0.0024331969230388,74767.98539897666,66.01840497795554,182,TOWN
34429,19,0.0033757123363973,5626.774835155624,974.8169824249176,19,TOWN
34440,117,0.0030371419047192,38510.38024861783,134.09244316618023,117,TOWN
34449,62,0.0003180858556039,194305.07153835116,84.3897261810141,62,TOWN
34457,192,0.0217989734994168,8807.350155959422,140.6561086963946,192,TOWN
34459,87,0.0055765034643031,15598.376685341833,177.09247666773274,87,TOWN
34473,135,0.0014349940775669,94011.52978898837,61.924627033109495,135,TOWN
34488,148,0.002658952112514,55640.099422735664,76.67776747829168,148,TOWN
34514,154,0.0236816651566059,6502.646513035875,178.83889349165972,154,TOWN
34532,41,0.0009818180903644,41716.77383837936,150.08920111076992,41,TOWN
34563,68,0.0003695894271568,183491.4733582567,82.84628291021212,68,TOWN
34579,42,0.0010927318465765,38400.63735134233,134.61480515745149,42,TOWN
35404,109,0.0003197185645671,339861.83539800654,54.607751302147335,109,TOWN
35407,136,0.0001579233520365,855758.4411428401,45.16550292401572,136,URBAN
35433,204,0.0011139894695727,182961.36920304623,63.5004039722115,204,SUBURBAN
35479,165,0.001030130355516,160018.56517687795,101.2179750957214,165,TOWN
35486,111,0.0005981034984843,185276.8349388828,66.64830481110576,111,TOWN
35488,109,0.00019680274478,551054.0317384462,64.51405506065117,109,TOWN
35514,131,8.417158174687745e-05,1538071.7055287363,42.35824939026755,131,URBAN
35542,240,0.0034374510610999,69798.87040277527,114.43211606411477,240,SUBURBAN
35606,193,0.0006223708307236,309607.0436532406,55.616113614313,193,TOWN
35635,179,0.0010865761402967,164586.17780190738,76.14335080748613,179,TOWN
35638,153,0.0010278575780796,148708.62912393466,99.14830554733643,153,TOWN
35651,188,0.001144625891229,164102.436440492,82.54052192509862,188,TOWN
36442,64,0.0010903343191142,58643.80774897945,201.27848453559557,64,TOWN
36602,86,0.0011541896611418,74446.64966529659,160.22026113578744,86,TOWN
36840,80,0.0035980499010876,22228.088578550654,142.6126572843495,80,TOWN
36863,176,0.01615642870883,10892.822315460127,123.61799091266016,176,TOWN
36889,153,0.0016160547921894,94616.45996104158,62.9292279572251,153,TOWN
36937,167,0.011159275983825,14963.78765561341,122.1768380897799,167,TOWN
36998,193,0.0133867430775474,14416.171484772509,149.8017263247663,193,TOWN
37105,138,0.0033666916691107,40977.62311964893,115.95051796937906,138,TOWN
37109,66,0.0004677345620852,140804.63729062816,106.92265338258257,66,TOWN
37345,143,0.000885469468388,161314.07239554872,66.26769788274285,143,TOWN
37715,102,0.0001502368918513,674438.6158124204,58.75797431595771,102,TOWN
38376,407,0.0008766698533025,463727.90231830894,35.74140835733344,407,SUBURBAN
38386,129,0.0001418670124628,902937.6185320466,44.45990197088587,129,URBAN
38404,218,0.0002361121502009,919396.1583800624,39.211843843445486,218,URBAN
38417,174,0.0010493227604723,165663.3622999294,66.98013359032387,174,TOWN
38439,135,0.0007520487310127,179271.2668387809,84.60204557243095,135,TOWN
38462,91,0.0001774857336848,509844.6700546888,71.94349820391749,91,TOWN
38466,375,0.0001840602961637,2026366.5830739548,23.59112221758771,375,URBAN
38475,172,6.871489697031269e-05,2467191.4823777806,29.570894019443617,172,URBAN
38844,14,0.0086225370524704,1623.4637730221605,1058.2146061560115,14,TOWN
38847,274,0.0038943080202699,70341.03556745517,62.44188000221995,274,SUBURBAN
39505,353,0.0070462044697407,50090.78444022845,67.0212699783559,353,SUBURBAN
39544,97,0.012183923755506,7960.657115820551,178.1493507674819,97,TOWN
40775,148,0.0122600575838291,12070.736882860296,132.9965270340072,148,TOWN
40794,287,0.0030908784155704,92823.83115541938,77.59003174641747,287,SUBURBAN
40854,153,0.0001395901918591,1088269.3733945629,37.80075261824711,153,URBAN
40868,149,0.0007977737150663,186535.9327549021,78.08896483708075,149,TOWN
40886,187,0.0013482116787446,138599.45251436313,73.29148004914293,187,TOWN
40898,143,0.0001960570971476,725677.9992695784,66.36204960500041,143,TOWN
40921,144,0.000755518771282,190345.57431532952,80.89329055664419,144,TOWN
40930,170,0.0001780488273239,949461.6778049,39.78512373110232,170,URBAN
40941,103,0.0001391433410494,734961.7843323434,67.53699015682923,103,TOWN
40947,90,7.124319424359217e-05,1245792.0907613083,57.08631396950433,90,URBAN
40952,135,0.0001840749976055,729434.0226750906,67.86706341478951,135,TOWN
40953,102,0.0071620708132815,14239.702867501364,143.35558828515838,102,TOWN
41477,102,0.0071548373370041,14254.097067374503,143.86257731817156,102,TOWN
42159,172,0.0118204933223962,14549.769247353885,125.78963188972094,172,TOWN
42180,173,0.0063099153210496,27412.822260975227,135.1650880907725,173,TOWN
42248,323,0.0025912353434441,124602.88407720094,92.85581974806088,323,SUBURBAN
42478,304,0.0045224004402754,67206.07737781665,98.93668649438752,304,SUBURBAN
42925,171,0.0060314257126477,28346.80577026871,95.00320053982006,171,TOWN
43084,120,0.0005150339097662,232542.85760862683,77.56487866920324,120,TOWN
43185,236,0.0083893097211971,28127.68632411439,110.99740137969744,236,SUBURBAN
43567,170,0.0015777341603494,107681.20705158814,61.15867303917303,170,TOWN
43727,174,0.0013377773960645,129969.32911437922,61.00603648553534,174,TOWN
43894,240,0.0083790889403531,28639.314177718647,120.0223207540282,240,SUBURBAN
44276,132,0.0023497764043914,56151.66110796942,76.64516228582187,132,TOWN
44371,352,0.0018025216841638,195173.6999287598,64.13448252195865,352,SUBURBAN
44382,401,0.002374491026291,168807.20472604493,49.80160730287844,401,SUBURBAN
44872,210,0.0014605845899288,143679.67577588288,69.83578662908906,210,SUBURBAN
44956,196,0.0004115988097414,475037.7252004654,47.312995869863066,196,TOWN
44964,123,0.0018798933706499,65394.45665518845,82.12592581655004,123,TOWN
45011,75,0.0004909762250514,152446.39106729563,71.86442866927004,75,TOWN
45211,183,0.002010172654154,90991.69065471248,62.25001343147749,183,TOWN
45264,200,0.0083830838872082,23854.723150509348,109.32719552567237,200,SUBURBAN
45338,166,0.0008317026409838,199350.87488598007,70.28073537914904,166,TOWN
45368,78,0.0001893530346427,409764.94094984495,85.67170737487655,78,TOWN
45839,147,0.0005775181939672,254097.45368927147,66.8404558526442,147,TOWN
46192,79,0.0009733494159917,81079.74275285029,75.28762819830104,79,TOWN
46266,168,0.0083832141228383,20037.656187998924,143.23065522930807,168,TOWN
46295,432,0.0014721090742712,293257.30697416083,60.78298217917028,432,SUBURBAN
46837,177,0.0002149037700182,819809.677177077,42.251684122362114,177,URBAN
47449,117,0.0005785158470468,201892.66712240787,69.62977361526232,117,TOWN
48100,130,0.000132406364869,974466.2492501858,57.14243876793524,130,URBAN
48657,118,0.0011356821933801,103810.89867265912,73.31058702307686,118,TOWN
49767,184,0.0078689173301318,23380.16935648248,105.64057920993852,184,TOWN
50695,121,0.0017414362293798,69443.00052982057,85.29477531690924,121,TOWN
51002,43,0.0016073864109424,26734.869001289124,173.68418439532542,43,TOWN
51016,131,0.0001172821064192,1107521.703541796,47.79155383130284,131,URBAN
51158,98,0.0004358847373075,224315.4581319341,70.14065859203576,98,TOWN
51445,112,0.0018204358532467,61489.9502501597,122.32284186782628,112,TOWN
51681,190,0.000398950979848,475058.2185651091,43.85051495372653,190,TOWN
51880,178,0.0036887094068038,48242.28153896576,78.86070947720395,178,TOWN
51967,117,0.0013818085272579,84610.41257245385,100.64514872078774,117,TOWN
52078,259,0.0019124931020547,135354.55117234896,55.6518963417982,259,SUBURBAN
52137,139,0.0026541411007523,52351.26674081908,91.89208721862362,139,TOWN
52154,157,0.0018800010685138,83466.1939474838,86.0211553561452,157,TOWN
52191,135,0.0018524181402812,72838.39359612249,81.68361262597345,135,TOWN
52215,70,0.0037371898644359,18725.64062782332,187.75401628741884,70,TOWN
52392,87,0.0020376713287733,42674.85335772528,123.31606235787343,87,TOWN
53099,634,0.0010521786441409,601987.1400992264,16.636827546948577,634,SUBURBAN
53164,89,0.0008514178428074,104408.88908059087,66.1811040067933,89,TOWN
53671,184,0.0009822430041196,187135.83440621436,38.53748990938092,184,TOWN
53827,125,0.0015183176933149,82273.77364853054,82.96433213424811,125,TOWN
53893,77,0.0019020058301527,40462.30378275805,125.17686161022128,77,TOWN
54210,87,0.0004067234004836,213379.9529210146,64.58494295548384,87,TOWN
54278,161,0.0091583095977213,17577.744073642174,165.37668837388395,161,TOWN
54504,150,0.0015742322963339,95224.05066801436,63.05617319399376,150,TOWN
54872,86,0.0017904377320814,48006.13410105871,123.86866923186189,86,TOWN
54945,381,0.000863908785977,440508.87929134734,24.707457976820315,381,SUBURBAN
55159,64,0.0013455619461963,47528.44841693405,117.09639228413047,64,TOWN
55217,81,0.0017723154676302,45677.15191039488,94.93384167556212,81,TOWN
55412,72,0.0005162822013856,139189.0148300775,92.61025709015745,72,TOWN
57063,61,0.002038101755118,29915.1328995197,142.42727813610844,61,TOWN
59109,46,0.0008155512798082,56334.49011408576,113.32557600050528,46,TOWN
59769,78,0.0010669394384888,73037.84951548351,123.9528378110355,78,TOWN
59810,87,0.0003639648342944,238379.13087763137,63.221700727180654,87,TOWN
60278,62,0.0003808609743966,162362.75544512624,108.71261927989188,62,TOWN
60429,67,0.0002513509500405,265503.26039685844,83.11728563844109,67,TOWN
60495,148,0.0082914540485564,17847.55141643074,288.22308541948536,148,TOWN
60583,82,0.0005495488519886,148942.2776994315,102.45648490964533,82,TOWN
60811,108,0.0082945115743541,13019.088579646625,160.1073475809592,108,TOWN
60986,165,0.0081661507858428,20202.88400772717,128.60678450287278,165,TOWN
61260,29,0.0096010335090687,3020.193584266362,477.93858282611166,29,TOWN
61349,99,0.0016743555575608,59091.93397975294,88.71918720455012,99,TOWN
61370,90,0.0004363584694176,205780.8555070024,82.76586747665336,90,TOWN
61700,104,0.0164796420330947,6310.433767759623,258.3197219292047,104,TOWN
62247,143,0.000681620398444,209486.8543716984,76.67467247603622,143,TOWN
62304,27,0.0076190248390183,3543.295536485172,461.8419646811447,27,TOWN
62443,160,0.0055424043099341,28863.130137065447,91.40944962042364,160,TOWN
62476,140,0.0009123596087112,153280.26186481284,88.1359374277054,140,TOWN
62586,76,0.0014503535033306,52364.91304536949,121.55053875484312,76,TOWN
62641,236,0.0104535053556886,22573.999627020465,107.0087153162389,236,SUBURBAN
62686,234,0.0087508128751382,26737.317552199456,94.77177302160824,234,SUBURBAN
62718,146,0.0058320431615898,25029.81650494171,90.6317009817007,146,TOWN
62731,247,0.0087556788329568,28207.041129610097,90.84922649791156,247,SUBURBAN
62734,138,0.0011288228322818,122143.04407469228,126.51524892147032,138,TOWN
62750,290,0.0074992648328187,38665.30135456719,85.8915750748909,290,SUBURBAN
62767,159,0.0046064664140869,34509.204345770595,87.15025987317958,159,TOWN
62831,269,0.0087554063724657,30720.365017076256,82.7541941132812,269,SUBURBAN
62996,223,0.0001123554075823,1967263.8893564711,29.93388980488132,223,URBAN
63304,263,0.0004066142691658,645217.8441598942,37.190877129361176,263,SUBURBAN
63323,181,0.0055824948863768,32416.972466764448,83.93108288910929,181,TOWN
63335,228,0.0004096372409995,555234.5896465868,39.719821897990144,228,SUBURBAN
63352,158,0.0018375311049026,85938.17073786486,95.99905454028205,158,TOWN
63371,183,0.001812493143012,100910.22439492076,62.5471428229741,183,TOWN
63390,236,0.0004058510334002,580064.8901580223,37.60223363934138,236,SUBURBAN
63444,176,0.0025837058455188,68092.85486204835,77.9170059535758,176,TOWN
63452,320,0.0015093691465431,211868.73469469103,43.6705638515068,320,SUBURBAN
63540,132,0.0003461016310452,380292.0764229367,64.0289842798194,132,TOWN
63569,177,0.001812952594542,97576.97115821597,63.19915035712759,177,TOWN
63573,77,0.0010703442863004,71872.3205832313,76.13978691041139,77,TOWN
63729,205,0.0017892697228527,114507.88525504275,56.18638365468079,205,SUBURBAN
63774,87,0.0011849856907463,73356.70293395685,78.60954716144444,87,TOWN
63863,218,0.0008026503725263,271262.2397158837,64.4536444144185,218,SUBURBAN
64005,127,0.0001147140429505,1097533.1667767004,43.166601400334905,127,URBAN
64088,100,0.0014456696444695,69124.28167846639,87.64799888776027,100,TOWN
64164,173,0.0013882749907919,124525.38276916606,53.810100691119686,173,TOWN
64191,146,0.0017936470474784,81353.04387853625,65.82477687394277,146,TOWN
64256,80,0.0008036288583358,99424.7213124482,78.02360101766804,80,TOWN
64278,122,0.000504441377051,241373.19487334543,100.70013868856812,122,TOWN
64353,75,0.001838816846168,40764.92731122085,107.50128766043836,75,TOWN
64398,82,0.0018099862863881,45279.19433533726,110.62165848897672,82,TOWN
64684,101,0.0017300846569436,58344.92241316608,107.01257567481142,101,TOWN
64853,134,0.0003739380431431,357392.38108960865,67.7617880042244,134,TOWN
64958,90,0.0004834632415199,185772.60829455985,74.34468992336235,90,TOWN
64975,164,0.0014264700182917,114888.5776222859,73.28048913251517,164,TOWN
65020,92,0.0008071944291994,113833.9942421108,72.82157616106103,92,TOWN
65240,20,0.0026806375917159,7458.129339245385,694.2536438619796,20,TOWN
65270,161,0.0009169523920128,175390.3594575028,54.685502427108005,161,TOWN
65333,130,0.0064905898071738,20025.911042059008,101.62003368222234,130,TOWN
65514,140,0.0034502076589989,40565.51034677704,100.24891503076974,140,TOWN
65597,159,0.0010190254863668,155878.4580631743,59.31112063466061,159,TOWN
65724,79,0.0004657789070138,169245.00831751266,73.33513675747727,79,TOWN
65732,97,0.0005152647533378,187888.0930237017,58.96188559035337,97,TOWN
65843,373,0.0022167056491015,168191.8428404217,42.41170565794745,373,SUBURBAN
65892,143,0.0003354465713403,425030.33819102106,43.20251964936069,143,TOWN
65931,154,0.0065615663323008,23466.42947317945,94.5488350351213,154,TOWN
65953,113,0.001702020428255,66352.69790379489,97.2593446346405,113,TOWN
66020,91,0.0007932391961666,114575.05552383768,85.87300669540389,91,TOWN
66043,135,0.0011279396252693,119581.23975654604,65.4295471098587,135,TOWN
66160,111,8.605176198263067e-05,1275103.426650315,53.05951781351778,111,URBAN
66267,210,0.0002329202628652,897741.809228944,41.78081115318747,210,URBAN
66272,205,6.892824593428983e-05,2931576.46471834,25.733246151529386,205,URBAN
66330,92,0.0019002447146894,48389.35213820121,94.66377919839992,92,TOWN
66362,80,0.0006629266986261,120495.22961727336,84.48956124990328,80,TOWN
66494,110,0.0013390796391301,82084.67376714827,106.82998476900828,110,TOWN
66601,114,0.0022597333430433,50426.115203190864,94.36754094721752,114,TOWN
66633,217,0.0019959048239357,108668.17356488395,74.4507058123242,217,SUBURBAN
66643,143,0.0025167123895443,56797.591573149606,80.99394337850524,143,TOWN
66652,167,0.0044720546441365,37334.6657454562,74.4349279146838,167,TOWN
66812,208,0.0033368805156076,62314.992710916886,75.5002531568657,208,SUBURBAN
66909,146,0.0010029319183705,145428.1882350773,73.68899225631768,146,TOWN
66969,198,0.0042313033940783,46783.03551608172,79.80859392579677,198,TOWN
66993,101,0.001125619716527,89648.70623012811,85.30980652679038,101,TOWN
67356,217,0.0049601946671769,43739.46489857807,90.69710859565896,217,SUBURBAN
67458,89,0.003459688027819,25717.42939108217,158.9708827402801,89,TOWN
67462,109,0.0003336099954302,325752.3728776961,59.66626501120763,109,TOWN
67486,246,0.0014845388393712,165596.47818034465,71.33560033351333,246,SUBURBAN
67569,89,0.0002782829231058,318673.2615451649,209.2196080802228,89,TOWN
67740,59,0.0006655468322486,88515.9108789938,93.24414611322418,59,TOWN
67763,359,0.0007896976954501,454029.3996880878,34.361682957720824,359,SUBURBAN
67789,170,0.0040489249363865,41976.08663623272,82.57610140636011,170,TOWN
68012,283,0.0031072353001674,91048.44796813004,55.81359012580417,283,SUBURBAN
68014,166,0.0051459380320244,32252.18546777565,105.87091074824222,166,TOWN
68043,163,0.0040433320683467,40303.31764192427,87.31078836036613,163,TOWN
68151,135,0.0034385208293014,39249.65328016908,86.4708370406153,135,TOWN
68223,80,5.224943501194465e-05,1502363.35807234,69.42695102843356,80,URBAN
68276,123,0.0005447778798019,225366.4073828683,62.389873384617374,123,TOWN
68337,96,0.0045254290254208,21208.771740560893,133.95012112326472,96,TOWN
68407,121,0.0001224613376807,980063.8991364706,46.56099809441953,121,URBAN
68489,85,0.000823252989996,103123.67808384565,72.61186614773125,85,TOWN
68680,219,0.0100063736035168,21883.86370656112,108.12564998721086,219,SUBURBAN
68959,80,0.0024119675338586,33154.19659711217,100.19429815613148,80,TOWN
69074,19,0.0003940560148306,48094.44556398889,297.84448320918824,19,TOWN
69111,43,0.0020658090934479,20805.01781045741,204.38870546581123,43,TOWN
69195,181,0.0021080570444277,85820.3434934153,80.60508753899695,181,TOWN
69344,247,0.0455651645471942,5420.688847843991,176.82693460100353,247,SUBURBAN
69362,137,0.0028594467141552,47894.61706174703,89.72511037326203,137,TOWN
69499,180,0.0042879244055118,41968.56437214832,85.42553629913826,180,TOWN
69596,111,0.0039117991209211,28368.43818699987,115.51046647096057,111,TOWN
69642,108,0.0007329564070133,147147.70382545976,86.27891825156168,108,TOWN
69701,223,0.0089912763157861,24799.060012037004,111.8123374198872,223,SUBURBAN
69770,149,0.0010418551168769,142876.98989885356,67.39789710135871,149,TOWN
69797,104,0.0005230479239748,198455.1321397861,63.81819321411535,104,TOWN
69804,139,0.0038904511381952,35719.32296301766,104.73393901617172,139,TOWN
69876,76,0.0012590352003052,60315.77529071156,94.62705672917396,76,TOWN
69916,216,0.0002364406952313,909700.8404122364,45.24015149376989,216,URBAN
69952,166,0.0004991737446926,331884.6735987749,50.20470005608689,166,TOWN
69986,117,6.728877617858413e-05,1713312.2973829494,43.627738419597534,117,URBAN
69987,161,0.0007874362309641,204201.6762765036,62.42960762281348,161,TOWN
69999,100,0.0002326936710934,427910.6042201179,63.94162935454958,100,TOWN
70030,154,0.0045401710787567,33911.95736280448,94.28601398747182,154,TOWN
70116,141,0.0007698047741672,182925.6962663952,85.94762699142916,141,TOWN
70128,202,0.0059031802389046,34213.04767577299,79.54574830700612,202,SUBURBAN
70268,118,0.0017131021894864,68840.70315280023,86.43629563181183,118,TOWN
70275,145,0.0058098928999222,24953.135860056944,98.8974978531618,145,TOWN
70299,43,0.0011280895587522,38083.78145620324,122.80056539022036,43,TOWN
70314,88,0.001219370614957,72109.24199702856,97.70430100125846,88,TOWN
70553,157,0.0003716336505907,421325.34125971975,49.52456483808045,157,TOWN
70558,58,0.0007620674920282,76009.0039294378,99.1713487900381,58,TOWN
70567,228,0.0003046015435281,746069.5301724399,26.441249881775832,228,SUBURBAN
70669,156,0.0021805066220077,71510.211532809,85.146063504262,156,TOWN
70851,322,0.016071923468739,20033.692105003352,94.3835745522638,322,SUBURBAN
70864,130,0.0053689886705952,24208.617182350485,96.25842537794055,130,TOWN
70881,213,0.0055760979138615,38191.90612927961,87.43532792721211,213,SUBURBAN
71092,60,0.0005617446817893,106620.28792386012,89.06265513900583,60,TOWN
71224,213,0.0034733351798558,61306.69292789411,74.60405380299817,213,SUBURBAN
71283,84,0.0003076975063841,272111.04159508646,59.13113675954412,84,TOWN
71349,158,0.0043192921528543,36571.60081074843,74.3948498836155,158,TOWN
71385,108,0.0013170064278392,81941.93724612953,74.35068255006776,108,TOWN
71396,144,0.0041634079199377,34578.74511057837,117.17665317560277,144,TOWN
71426,41,0.0019944379567329,20546.86785006717,191.58831765948625,41,TOWN
71528,157,0.0039008338021603,40237.4903598083,83.86462770002088,157,TOWN
71536,185,0.0041880664015346,44162.584754499,95.82402867764402,185,TOWN
71621,135,0.003180543548783,42432.23389214245,193.8714452589139,135,TOWN
71736,142,0.0042152788458782,33678.98689594851,97.0449907972806,142,TOWN
71774,128,0.0034492767289547,37098.47355889592,79.74460292823545,128,TOWN
71940,207,0.0066049900353148,31335.19713069545,103.74764672930571,207,SUBURBAN
71986,200,0.0002999824346815,664490.6046147748,28.36752289400628,200,SUBURBAN
72170,173,0.0014641064251728,118080.15924822116,90.16637064017915,173,TOWN
72210,147,0.0010112400603355,145222.46822683187,61.30964482322752,147,TOWN
72279,115,0.0007733565122943,148510.40596180435,54.07148104716419,115,TOWN
72355,164,0.005595559896209,29303.71568275143,106.19080894678513,164,TOWN
72407,444,0.0036261476099971,122410.2373932184,46.78438654239845,444,SUBURBAN
72421,328,0.0004084347011883,801104.5449934739,33.382479215034984,328,SUBURBAN
72474,177,0.0003500081642093,504261.7752174302,37.43796330666213,177,TOWN
72521,78,0.0005513277660168,141220.49406006894,67.48077322403134,78,TOWN
72642,56,0.0007320483151036,76393.32748767713,133.78351103185315,56,TOWN
72661,108,0.0023441161928194,46053.15520428683,80.46856968778567,108,TOWN
72677,132,0.0028438415527309,46399.77220287843,128.48339297245104,132,TOWN
72736,173,0.0042579117807454,40620.70521914383,101.08545337068486,173,TOWN
72757,183,0.0041400883900462,44191.280833287965,89.45697957684962,183,TOWN
72813,204,0.0039971723072279,51023.31373543058,99.17256761840868,204,SUBURBAN
72845,144,0.0003129789984581,458629.4010336158,53.56538041940101,144,TOWN
72940,78,0.0021804371957333,35756.2437060122,98.3322524980531,78,TOWN
73014,135,0.0038032558112308,35486.57259100632,92.19264774244698,135,TOWN
73038,151,0.0009525213920015,158360.3695382635,123.15935251883842,151,TOWN
73041,72,0.0010654287385449,67515.0597481412,89.80469427294415,72,TOWN
73049,137,0.0003909312983731,349551.05797540373,57.55377330788761,137,TOWN
73105,130,0.0042619311214865,30495.449327050832,129.26972290726945,130,TOWN
73115,223,0.0016784368461549,132782.60537784136,71.9290767145751,223,SUBURBAN
73121,238,8.486842001683052e-05,2771682.5342000136,32.13986119455563,238,URBAN
73141,62,0.0010098286751561,61335.81439052678,90.38494046601323,62,TOWN
73206,184,0.0065173112154517,28228.170444489537,99.57464172377892,184,TOWN
73209,56,0.0017688810766496,31640.54395451568,125.06912811631608,56,TOWN
73303,137,0.0058397306973181,23455.96931269336,113.3913385521424,137,TOWN
73318,147,0.001282336859687,114545.13979739606,74.19546366262183,147,TOWN
73331,17,0.000193586927584,87364.55326708972,439.37686336542936,17,TOWN
73381,140,0.0042624262528825,32837.43911492438,158.9866125778345,140,TOWN
73389,126,0.0020760862034375,60661.90213553427,80.48128686306072,126,TOWN
73422,46,0.0001282381050344,355932.17641000974,113.55469438370672,46,TOWN
73471,121,0.001829387482752,66106.22130024307,81.26583467084247,121,TOWN
73484,164,0.0055988305101769,29286.600675136782,80.05718285572831,164,TOWN
73534,84,0.0008569452090314,97908.3502253402,74.89800001071879,84,TOWN
73817,29,0.0033712322815381,8599.644858026231,431.6283518489399,29,TOWN
73818,114,5.839961611030702e-05,1919204.3226053568,49.21902046148262,114,URBAN
73957,99,0.0024566239043884,40282.81130535177,109.47126020171744,99,TOWN
73994,132,0.0001602387823602,818661.6027965804,45.40235575936446,132,URBAN
74179,223,0.0009580676215376,232517.4940662269,48.21367731317681,223,SUBURBAN
74214,165,0.004163800709583,39617.74200151825,90.85162704444488,165,TOWN
74343,201,0.0001597614980909,1250299.3713475536,29.23904918695871,201,URBAN
74345,203,0.006184068299229,32820.979523427704,101.22739058222146,203,SUBURBAN
74352,65,0.0012554025394997,51735.011635584735,107.57264716384896,65,TOWN
74370,57,0.0005826554881708,97660.35127784006,97.73814992931004,57,TOWN
74581,92,0.0008900791851467,103245.59425641426,96.06559959678702,92,TOWN
74609,253,0.0008521037170453,296564.1749589856,36.57791506369179,253,SUBURBAN
74626,115,0.0025918130935604,44353.37058641699,98.76924427605488,115,TOWN
74639,45,0.0003458553018592,129737.09716640205,128.16306499812234,45,TOWN
74950,182,0.0039387641983115,46195.65812542711,95.7900337990127,182,TOWN
75304,201,0.0069875221665251,28761.445583271587,88.93398782614445,201,SUBURBAN
75313,73,0.0030621708702019,23831.51417053928,120.76970695529356,73,TOWN
75558,197,0.0044897471585009,43867.97854496908,96.4550840602403,197,TOWN
75643,87,0.0003883491072045,223449.85102097652,64.45536503367856,87,TOWN
75700,141,0.0058809116049153,23971.798536069677,104.1859024983969,141,TOWN
75701,38,0.0013687500605902,27742.2875116534,196.2082668399263,38,TOWN
75731,133,0.0039099211673071,34007.33339035188,114.76811621648018,133,TOWN
76121,221,0.005456484233229,40494.84901017124,75.55829644695623,221,SUBURBAN
76164,127,8.538988235227456e-05,1470079.5572579713,42.45966718004667,127,URBAN
76645,150,0.0008945278569081,167498.97710370974,66.27160956712294,150,TOWN
76728,113,0.0001447825292387,775127.1746350711,48.34335001118877,113,TOWN
76919,178,0.0002049227841894,864401.6770684313,51.34969664426462,178,URBAN
77031,119,0.0033535297527806,35474.420789190706,134.48985866421168,119,TOWN
77219,86,0.0007480983453232,114804.6855755505,78.86148914706027,86,TOWN
77266,137,0.0018453233744618,74201.51956855005,72.18127032256245,137,TOWN
77276,191,0.0047531244706835,40175.64141995148,92.1329746183294,191,TOWN
77371,140,0.0065745120435454,21291.117569684,104.51739563600891,140,TOWN
77487,71,0.0033623402203895,21109.966684183943,156.24648822908907,71,TOWN
77559,95,8.3210261408811e-05,1128128.5488333618,64.36206088379329,95,URBAN
77662,190,0.0046282717746051,41043.17250118821,95.9258503203854,190,TOWN
77901,148,0.000281942790751,523073.9387532558,44.89132642719789,148,TOWN
78365,216,0.0047581249429152,45386.49491048833,78.52773991026822,216,SUBURBAN
78437,96,0.0006358322579029,150746.13260975317,123.3631450887489,96,TOWN
78560,55,0.0025059663334178,21938.866616136616,206.7445336868184,55,TOWN
78620,146,0.0038992229241364,37433.75772099656,109.5865881788494,146,TOWN
78659,64,0.0002818614238284,226259.201886842,82.42332460824817,64,TOWN
78735,121,0.0048173391922839,25112.38731257607,110.58334459348406,121,TOWN
78901,69,0.0013057374867146,52803.26056419696,93.78778105625194,69,TOWN
78940,173,0.004169553827649,41481.30132096168,75.99934406828203,173,TOWN
78945,396,0.0042108594475027,94020.23142884992,38.001268603097024,396,SUBURBAN
79011,324,0.005813288425789,55724.789737452986,42.86749368181004,324,SUBURBAN
79097,62,0.0006693202179032,92493.1075388686,83.11275376892418,62,TOWN
79286,259,0.0013614617677525,190097.0773126576,39.38962847601256,259,SUBURBAN
79301,372,0.0011060563870359,336026.24433250946,38.79155134952085,372,SUBURBAN
79342,133,0.0039755307507009,33446.2395334316,106.1630218086291,133,TOWN
79363,307,0.0001557519523177,1958508.302197582,17.019968091649744,307,URBAN
79386,123,0.0003247511015541,377588.8996635341,47.92642012838431,123,TOWN
79408,226,0.0035098424318325,64372.014520182354,58.81231247381304,226,SUBURBAN
79499,194,0.0005630482288155,343942.2199895885,51.491234701443055,194,TOWN
79568,101,0.0007961169953076,126706.61972401448,115.06384233893289,101,TOWN
79622,251,0.0037693632288443,66571.83532869772,60.340199984411534,251,SUBURBAN
79624,172,0.0010749268213982,159862.17331813503,68.3098337161208,172,TOWN
79714,203,0.0001700576404583,1186734.4800034822,32.48906750497903,203,URBAN
79764,146,0.0008848130348037,164820.33370883955,70.5349344803198,146,TOWN
79981,195,0.0018923403821576,102992.57430815604,82.73192298427604,195,TOWN
80037,76,0.0007654389261629,99159.89050879932,75.80103964186623,76,TOWN
80066,104,0.0011488600521561,90445.78929843058,115.70366474940668,104,TOWN
80478,119,0.0004745408476317,250241.3842945939,47.16595106079985,119,TOWN
80560,499,0.0041346894249277,120657.02927117668,28.809921768046312,499,SUBURBAN
80817,129,0.0046167912830792,27935.433217323665,99.23751753281536,129,TOWN
80908,181,0.0072217300915184,25059.776248948638,99.70613176877734,181,TOWN
80969,140,0.0005752156988976,242964.57085051684,81.8934149837444,140,TOWN
81068,136,0.0014036155946103,96823.64379396608,62.62899513196764,136,TOWN
81087,193,0.0054686289461143,35285.75738891876,72.50171261995926,193,TOWN
81109,226,0.0010391109652437,217284.5086264804,46.02746719709526,226,SUBURBAN
81125,281,0.0040028986986717,70181.59577644088,45.72445013380337,281,SUBURBAN
81155,301,0.0004155611990307,722582.9018649092,36.7478078915508,301,SUBURBAN
81219,169,0.0045088766767533,37473.30849890579,105.40561608492382,169,TOWN
81254,139,0.0009108478386218,152437.71396123126,68.67613437562603,139,TOWN
81300,191,0.0034324044881368,55629.91504786175,69.14635654929822,191,TOWN
81333,152,0.0023655868895999,64227.51713362692,75.90774011810637,152,TOWN
81337,206,0.0003544462334506,579553.1943049398,40.40327004061579,206,SUBURBAN
81445,255,0.0010108294271587,252018.7624074649,40.0958944677416,255,SUBURBAN
81581,251,0.000269200500408,928939.8044080702,34.23503010537233,251,URBAN
81628,269,4.897699550236088e-05,5382476.42332346,17.765157196789694,269,URBAN
81731,167,0.0232072005176228,7195.732382318517,185.23789337302136,167,TOWN
81996,150,6.93860643720615e-05,2131103.6685770405,30.41318086419644,150,URBAN
81998,114,0.0038135238816513,29885.774355316647,128.93576617151797,114,TOWN
82001,193,0.0012619666145665,152814.80743356005,44.33715931431582,193,TOWN
82047,123,0.0110336997732147,11146.655779305009,144.92658576207373,123,TOWN
82126,190,0.014949372617941,12708.713344842772,136.95294941587088,190,TOWN
82254,227,0.0024474393431789,92712.1191024782,43.59040047474499,227,SUBURBAN
82368,100,0.0011057547269039,90354.2560687684,64.08832546914702,100,TOWN
82616,212,0.0029510177182582,71815.28711320976,61.86244727449738,212,SUBURBAN
82632,280,0.0060409743314813,46342.46765019763,50.32652676751298,280,SUBURBAN
82666,159,0.000159210841505,992442.19995563,38.12178840516552,159,URBAN
82762,110,0.0010554563480412,104121.67071923568,56.71271285713384,110,TOWN
82804,125,0.0005435071960918,229565.37745906197,39.60878275314086,125,TOWN
82899,220,0.0009158752640978,239945.3978251412,56.91071901662323,220,SUBURBAN
82962,169,0.0001266518295345,1323913.65338263,47.0533244255641,169,URBAN
83041,112,0.0076964592791151,14550.255602375224,408.5045068610898,112,TOWN
83112,88,0.0010310617963527,85266.2120727563,76.12220207693927,88,TOWN
83145,79,0.0004246869922405,185582.36789005317,82.8163012446028,79,TOWN
83644,110,0.006406061423197,17168.557117579603,182.4934793338416,110,TOWN
83673,121,0.0001223504923346,980944.6051643988,41.867816942347005,121,URBAN
83677,122,0.0016904228485748,72128.62242152818,84.11612565651889,122,TOWN
83719,149,0.0043191847283724,34489.2659384346,102.84100766257538,149,TOWN
83756,94,0.0227332722240737,4134.72659575447,344.7239331967497,94,TOWN
83870,89,0.0043052339108067,20667.71147211713,158.15769003856042,89,TOWN
83883,79,0.0008286236601457,95223.89945595716,91.71926398286315,79,TOWN
84166,165,0.0040726487505258,40504.22854417651,139.03034488661035,165,TOWN
84196,109,0.0040176516297094,27123.52551143628,140.44941412083634,109,TOWN
84216,227,0.004504796807224,50379.54655124589,195.81470741407,227,SUBURBAN
84258,131,0.0005872079171478,222710.36512940415,72.15259438022703,131,TOWN
84279,212,0.0041176759035068,51472.85316125326,174.60966046906506,212,SUBURBAN
84393,229,0.0024409226512175,93778.56415141688,112.41897267018076,229,SUBURBAN
84435,206,0.0042660611223215,48276.78678479379,162.75499357618406,206,SUBURBAN
84465,215,0.004873214106448,44109.67497623449,351.0184209209543,215,SUBURBAN
84490,144,0.0008384027124809,171550.5535768344,97.11618139956325,144,TOWN
84502,114,0.0017514575965117,65051.50265941664,136.5051882237974,114,TOWN
84526,143,0.0006120846415959,233246.7497925619,69.94525003089466,143,TOWN
84560,145,0.0023693609029512,61172.11932557131,78.65560136237825,145,TOWN
84854,113,0.0558794312992144,2022.174800243328,372.0151915828332,113,TOWN
84864,186,0.0023058066814842,80630.94384672046,89.94820095439165,186,TOWN
84883,191,0.0009918904197352,192367.6532712766,44.08673014929713,191,TOWN
84952,283,0.0053113997417045,53271.59358478447,90.3436616378839,283,SUBURBAN
84964,188,0.0031850868302785,59006.552556373295,107.27655818481752,188,TOWN
85070,181,0.0109638718832132,16507.260816891445,141.56802248703414,181,TOWN
85107,34,0.0046150413438768,7365.618604153232,312.4167355850015,34,TOWN
85205,118,0.0048955748915382,24098.47753047018,127.06120461218268,118,TOWN
85219,65,0.001179426928833,55064.82308418363,170.38092829096064,65,TOWN
85333,85,0.0027194236121362,31245.13389047196,123.08271379861888,85,TOWN
85344,245,0.0033799393534403,72465.0679553582,87.68914672012731,245,SUBURBAN
85460,199,0.0171210967255862,11622.408352747265,121.6865811022238,199,SUBURBAN
85585,235,0.0012606904128696,186258.0531665469,45.83869255981229,235,SUBURBAN
85593,146,0.0023581398791039,61886.96197847145,82.7637878406272,146,TOWN
85747,237,0.0014944759133193,158477.97874187064,73.6985357061241,237,SUBURBAN
85785,165,0.0015628114379118,105511.44210859656,66.74257989626334,165,TOWN
85823,170,0.0036824705566219,46152.12674752645,98.48331634117716,170,TOWN
85834,184,0.0375931528707003,4894.378139942177,175.78539896107458,184,TOWN
85939,113,0.0027345834281487,41307.45889057723,108.6005361303586,113,TOWN
86023,193,0.0010156120036637,189846.2730170925,46.71602807096942,193,TOWN
86227,176,0.0082942556462471,21216.94707258652,119.0533834376342,176,TOWN
86633,145,0.0075396962600496,19228.99358355073,139.30997648778995,145,TOWN
86680,120,0.0007186530048449,166747.02834854848,65.22647055758304,120,TOWN
86872,151,0.0010695708023293,141046.25277605266,84.90454636478968,151,TOWN
86901,156,0.0023581066362917,66126.72678722725,78.4876921288829,156,TOWN
86924,212,0.0116744517893057,18157.755590596007,112.91144892445494,212,SUBURBAN
87424,151,0.0045119345874431,33459.381489850086,118.66602369380249,151,TOWN
87529,102,0.0007574944119691,134476.93007413216,64.11994940157747,102,TOWN
87534,175,0.0066087819461549,26475.91122151921,127.11468830671078,175,TOWN
87643,221,0.001001367108701,220478.10436078388,41.465642867637854,221,SUBURBAN
87644,250,0.0377855960840224,6616.102690067638,154.85067342873683,250,SUBURBAN
87655,184,0.0046551822746453,39517.3533050778,121.53598498679357,184,TOWN
87666,216,0.0064785635565456,33335.578564052434,102.12947150176969,216,SUBURBAN
87677,152,0.0050831239473979,29896.98944648918,115.13318078062508,152,TOWN
87839,212,0.0019618862774972,108004.21931234191,73.44492687756235,212,SUBURBAN
87916,143,0.0043076883699387,33188.754377711746,110.95815234595906,143,TOWN
88119,200,0.000194995528588,1020431.4427008756,79.75174190566312,200,URBAN
88231,142,0.0066519238289643,21343.999067265107,133.2549752703674,142,TOWN
88263,163,0.0041301790714985,39456.04806253825,84.25454473351722,163,TOWN
88379,222,0.0040478092473087,54830.93582330688,158.3092365768838,222,SUBURBAN
88647,218,0.0027379604522108,79592.24085328926,112.0032233986996,218,SUBURBAN
88738,174,0.0041038298161749,42389.08987514127,79.6455473614202,174,TOWN
88773,215,0.0018299526447379,117425.21065080234,71.10124663259816,215,SUBURBAN
88926,231,0.0214225969791618,10782.503060745916,125.79540674426272,231,SUBURBAN
89159,163,0.0045424256655437,35876.0133870248,110.23524659599492,163,TOWN
89225,108,0.0042020130985935,25695.85139673747,110.04295068073252,108,TOWN
89352,95,0.0003274724474276,289217.56069335225,63.10111368180003,95,TOWN
89500,77,0.0013388135707314,57470.68225168494,128.07206940738698,77,TOWN
89645,132,0.0008217818781889,160431.34091692138,52.69879295178008,132,TOWN
89703,165,0.0050886537974351,32418.707944958715,102.31257242188882,165,TOWN
89762,182,0.0046232330199909,39357.87820665591,112.15658602359318,182,TOWN
89778,98,0.0004254789060693,229788.62167703744,99.07802373694354,98,TOWN
90142,113,0.0028133789224753,40150.95447794694,106.79993333660036,113,TOWN
90232,72,0.0069320430438079,10385.05019297473,277.25646913999145,72,TOWN
90528,162,0.0044999171173913,35992.66455586093,108.8003494327575,162,TOWN
90789,264,0.0040635314465269,64952.13617441251,169.64772268699693,264,SUBURBAN
91104,662,0.0227602510856269,29084.517257403004,82.02994743147045,662,SUBURBAN
91119,131,0.0041520204086416,31543.30754730041,155.6696661121053,131,TOWN
91151,103,0.0008220749429965,125140.48796699668,72.75013711285901,103,TOWN
91188,110,0.0239038458273709,4601.577470708909,235.49057077067175,110,TOWN
91243,136,0.0191414034968971,7104.645977295634,177.7099979841327,136,TOWN
91487,225,0.002826927383845,79563.57058011675,109.05226307464856,225,SUBURBAN
91515,242,0.0034072632492463,71003.9050104212,110.9057576595738,242,SUBURBAN
91682,276,0.0007965069378323,346078.4940005564,37.18854577584073,276,SUBURBAN
91847,149,0.0040970958669746,36358.34905687495,107.7389723671055,149,TOWN
91869,84,0.0005060311687395,165670.28849294272,73.55416134580582,84,TOWN
92105,294,0.0037157312360004,79101.76478522271,67.4078273157508,294,SUBURBAN
92121,219,0.0041574747065085,52663.54022960299,78.25721019983921,219,SUBURBAN
92307,115,0.0060609718103426,18970.72497166549,129.4194977988892,115,TOWN
94871,61,0.0030979383774262,19684.160370643334,203.9261562962305,61,TOWN
95342,172,0.0237013167217302,7256.674611993136,170.48557663956367,172,TOWN
99001,121,0.0165025285700876,7331.765415264591,221.5959906550518,121,TOWN
99224,94,0.0041776012213596,22495.566104633857,159.0408657964865,94,TOWN
99440,166,0.0048010994408018,34568.2137669938,167.16219688184205,166,TOWN
99450,62,0.0015542242005649,39865.63479238447,136.1103521891988,62,TOWN
99543,16,0.0002226813111575,71530.33893266901,414.68103185030606,16,TOWN
99934,93,0.0080722720168818,11519.492939855108,194.87583171566143,93,TOWN
100055,92,0.0008403861139601,109343.37811564548,96.18166734492505,92,TOWN
100115,250,0.0258518715571024,9670.105676571084,146.8989915726705,250,SUBURBAN
100116,119,0.0093529895237249,12721.844481242526,161.19669621551986,119,TOWN
100188,366,0.0117817010555672,31062.487138894736,84.29916358021534,366,SUBURBAN
100217,252,0.0118632890001047,21240.21085441997,117.23923897605488,252,SUBURBAN
100890,146,0.0151326299337269,9647.38801195498,137.73538254248456,146,TOWN
100906,165,0.0154715056244675,10664.077558264133,136.78771358178574,165,TOWN
101182,69,0.0011780593835919,58521.22544480615,87.9782059045695,69,TOWN
